delta,epsilon,avg,max_surprise
1,0,0.0428452,0.155945
0.62,0.44,1.15186,252.984
0.56,0.18,1.01774,18.499
0.81,0.22,1.03628,803.649
0.87,0.48,1.08289,1875.58
0.68,0.7,2.13893,3232.31
0.93,0.74,0.749614,14351.9
0.74,0.96,22.6115,507090
0.62,0.42,1.15101,510.868
0.81,0.2,1.01995,639.278
0.87,0.46,2.87168,125651
0.56,0.16,1.01385,11.6529
0.99,0.98,0.0101689,86.8708
0.93,0.72,0.598951,2396.08
0.68,0.68,1.81591,2674.4
0.74,0.94,11.2207,84007.9
0.62,0.4,1.15322,662.671
0.81,0.18,1.06108,561.389
0.87,0.44,1.1536,6557.79
0.56,0.14,1.00954,8.71962
0.68,0.66,1.64819,4231.64
0.99,0.96,0.0113037,84.8101
0.93,0.7,1.21798,17896
0.74,0.92,11.7554,235674
0.56,0.12,1.0092,9.50335
0.87,0.42,1.09301,4906.8
0.81,0.16,1.00001,515.537
0.62,0.38,1.09911,221.831
0.99,0.94,0.0091979,78.7672
0.74,0.9,38.4063,1.60378e+06
0.93,0.68,1.12426,12740.3
0.68,0.64,1.6429,3634.33
0.56,0.1,1.00568,6.35039
0.81,0.14,1.0669,982.969
0.87,0.4,1.1015,5810.45
0.62,0.36,1.1221,280.546
0.99,0.92,0.0722617,2139.35
0.74,0.88,13.2359,273454
0.93,0.66,0.889094,11021.5
0.68,0.62,1.41001,2314.53
0.81,0.12,1.12835,1824.8
0.62,0.34,1.07496,161.012
0.87,0.38,1.10941,4287.42
0.56,0.08,0.999772,5.52812
0.93,0.64,1.06068,12957.6
0.68,0.6,1.49957,1145.23
0.99,0.9,0.0387615,1767.56
0.74,0.86,12.7448,534617
0.62,0.32,1.08637,59.8139
0.81,0.1,1.00782,596.406
0.56,0.06,1.00278,5.18123
0.87,0.36,0.990625,1171.35
0.68,0.58,1.51998,3126.01
0.93,0.62,0.858937,10978.1
0.62,0.3,1.05445,71.3886
0.99,0.88,0.0937455,4733.32
0.74,0.84,3.59182,32101.5
0.81,0.08,1.00267,689.962
0.56,0.04,1.00081,4.53803
0.87,0.34,1.25414,3905.98
0.68,0.56,1.30205,794.584
0.93,0.6,1.81594,53997.3
0.62,0.28,1.04934,115.737
0.81,0.06,0.972657,267.95
0.74,0.82,3.64384,23310.6
0.87,0.32,1.10256,7899.3
0.68,0.54,1.44581,2206.81
0.93,0.58,1.23029,9129.09
0.56,0.02,0.999091,3.85254
0.99,0.86,0.210941,5343.04
0.62,0.26,1.04738,50.8048
0.81,0.04,0.9796,321.534
0.74,0.8,7.69506,150214
0.68,0.52,1.27988,557.854
0.56,0,0.997417,2.64865
0.87,0.3,1.04872,2730.25
0.93,0.56,2.11295,55771.8
0.99,0.84,0.162892,5375.13
0.81,0.02,0.983501,209.575
0.62,0.24,1.04836,58.6943
0.74,0.78,2.21858,10654
0.87,0.28,1.01423,2153.01
0.68,0.5,1.22986,1576.39
0.55,0.98,2066.61,4.92107e+07
0.93,0.54,1.02062,7503.23
0.81,0,0.966884,330.221
0.62,0.22,1.04117,40.2947
0.99,0.82,0.0476808,1369.98
0.87,0.26,1.07374,2106.92
0.74,0.76,2.09238,10173.9
0.68,0.48,1.25566,2003.44
0.55,0.96,73.4187,544387
0.93,0.52,0.76412,6254.92
0.8,0.98,141.339,4.70269e+06
0.99,0.8,0.133404,6498.29
0.62,0.2,1.01863,35.8895
0.87,0.24,1.06922,1756.69
0.68,0.46,1.20763,520.593
0.74,0.74,2.88604,21314.9
0.55,0.94,45.8637,1.63646e+06
0.93,0.5,2.08736,32608.3
0.87,0.22,1.06103,1512.22
0.8,0.96,13.1284,228977
0.62,0.18,1.01399,30.439
0.68,0.44,1.22435,2422.97
0.99,0.78,0.255321,6193.43
0.74,0.72,2.09816,17852.8
0.55,0.92,20.3958,275888
0.93,0.48,1.05953,5429.88
0.87,0.2,0.985398,1465.98
0.68,0.42,1.17701,422.905
0.8,0.94,10.5169,132221
0.62,0.16,1.02035,24.7198
0.74,0.7,2.29795,25205.6
0.99,0.76,0.452696,13893.1
0.93,0.46,1.15575,25247.6
0.55,0.9,9.7493,218779
0.87,0.18,1.0123,497.557
0.62,0.14,1.01233,35.6234
0.8,0.92,7.97717,260067
0.99,0.74,0.147164,5086.32
0.55,0.88,6.63548,41149.4
0.68,0.4,1.11933,239.767
0.74,0.68,1.87649,7801.39
0.93,0.44,1.0715,4578.28
0.87,0.16,0.998199,3429.45
0.8,0.9,7.38022,136097
0.62,0.12,1.01421,26.2188
0.99,0.72,0.22662,5776.26
0.55,0.86,4.60487,25676.3
0.68,0.38,1.14699,685.014
0.74,0.66,1.738,8097.14
0.93,0.42,1.18233,21311.4
0.87,0.14,0.990563,741.234
0.62,0.1,0.998484,21.8502
0.55,0.84,4.21549,31425.1
0.8,0.88,7.29027,82726
0.68,0.36,1.13227,270.721
0.93,0.4,0.977339,5082.94
0.74,0.64,1.65533,7548.48
0.87,0.12,0.947053,995.847
0.99,0.7,0.0877104,1322.51
0.62,0.08,1.00453,19.5651
0.55,0.82,2.94309,3809.49
0.68,0.34,1.08755,317.374
0.8,0.86,5.2941,198308
0.93,0.38,0.892283,3577.58
0.87,0.1,0.99947,2165.66
0.74,0.62,1.49754,2948.15
0.62,0.06,0.996872,12.3714
0.99,0.68,0.109677,972.556
0.55,0.8,3.7143,28496.8
0.8,0.84,2.83801,37818.6
0.87,0.08,0.978009,836.966
0.74,0.6,1.46215,3318.34
0.68,0.32,1.10824,293.028
0.93,0.36,1.31107,11111.1
0.62,0.04,0.996177,18.1852
0.99,0.66,0.295754,4669.14
0.55,0.78,2.62524,4581.65
0.8,0.82,2.66628,31534.7
0.68,0.3,1.06936,153.544
0.87,0.06,0.972536,791.341
0.62,0.02,0.995087,8.70881
0.99,0.64,0.811958,41517.7
0.74,0.58,1.41546,1527.1
0.93,0.34,0.910588,2933.27
0.55,0.76,2.24121,3091.99
0.8,0.8,1.92228,16905.5
0.68,0.28,1.06538,219.185
0.62,0,0.996837,10.0022
0.87,0.04,0.981332,691.138
0.99,0.62,0.129102,963.861
0.93,0.32,1.08065,3198.89
0.74,0.56,1.47697,5829.11
0.55,0.74,2.11193,4004.48
0.8,0.78,2.52301,22338.3
0.68,0.26,1.0611,117.147
0.99,0.6,0.263936,5455.35
0.87,0.02,0.954295,563.638
0.74,0.54,1.40889,2697.25
0.55,0.72,1.85061,856.321
0.61,0.98,335.649,3.76724e+06
0.93,0.3,1.15246,11139.6
0.8,0.76,3.0993,40695.3
0.87,0,0.94622,506.135
0.68,0.24,1.05835,164.757
0.99,0.58,0.252049,4829.59
0.74,0.52,1.3747,1817.97
0.55,0.7,1.9567,5422.73
0.93,0.28,0.766386,2062.11
0.61,0.96,237.634,1.01928e+07
0.99,0.56,5.0801,281763
0.86,0.98,20.3251,529892
0.68,0.22,1.05029,139.537
0.74,0.5,1.24655,2798.34
0.8,0.74,3.15323,118804
0.93,0.26,1.13798,7746.04
0.55,0.68,1.66983,840.414
0.61,0.94,22.5197,358313
0.99,0.54,0.999762,48129.9
0.86,0.96,3.7391,49164.9
0.68,0.2,1.04149,113.071
0.74,0.48,1.25674,2243.31
0.93,0.24,1.70093,35836.3
0.8,0.72,1.3149,7080.85
0.55,0.66,1.54142,1175.63
0.68,0.18,1.01941,83.1229
0.86,0.94,5.58085,174695
0.74,0.46,1.22615,936.526
0.99,0.52,4.30827,257275
0.61,0.92,11.7525,135186
0.93,0.22,1.14715,8173.41
0.8,0.7,2.30628,65617.3
0.55,0.64,1.47986,926.262
0.68,0.16,1.03427,92.6077
0.99,0.5,0.318361,4316.15
0.61,0.9,8.98197,62772.4
0.86,0.92,1.82339,18149.9
0.8,0.68,2.07546,18435.9
0.74,0.44,1.21125,1652.45
0.55,0.62,1.49678,1160.51
0.93,0.2,0.924255,4723.64
0.68,0.14,1.02418,110.126
0.99,0.48,0.268744,5086.32
0.61,0.88,7.74068,133969
0.8,0.66,1.35425,4303.07
0.74,0.42,1.1715,1383.84
0.55,0.6,1.41136,1041.57
0.86,0.9,2.44557,40256.1
0.93,0.18,0.889534,1802.9
0.99,0.46,0.283871,5631.85
0.68,0.12,1.01305,145.985
0.8,0.64,1.59486,9755.82
0.61,0.86,6.09103,79507.1
0.55,0.58,1.3225,454.351
0.74,0.4,1.20893,1251.32
0.86,0.88,46.8503,2.4444e+06
0.99,0.44,0.202913,960.927
0.8,0.62,1.49992,8370.52
0.68,0.1,1.01149,48.9668
0.61,0.84,6.40276,99231.1
0.93,0.16,0.884583,1430.59
0.55,0.56,1.28533,229.939
0.74,0.38,1.16916,1144.15
0.86,0.86,1.78878,20942.9
0.8,0.6,1.72582,20790.1
0.99,0.42,0.411856,4476.6
0.55,0.54,1.25812,483.967
0.74,0.36,1.16791,996.9
0.61,0.82,6.68596,82516.7
0.68,0.08,0.998184,50.7692
0.93,0.14,1.01402,1675.74
0.8,0.58,1.26591,10687.7
0.86,0.84,2.94381,99651.4
0.74,0.34,1.10072,813.331
0.99,0.4,0.356586,4246.08
0.61,0.8,2.79177,8410.76
0.55,0.52,1.23531,366.449
0.68,0.06,1.01109,28.4571
0.93,0.12,0.918811,1580.19
0.8,0.56,1.62864,6109.75
0.86,0.82,1.40259,15185.4
0.99,0.38,0.421082,4014.71
0.74,0.32,1.07056,242.806
0.55,0.5,1.20001,194.048
0.68,0.04,0.998526,32.1463
0.93,0.1,0.825522,1310.55
0.61,0.78,2.83581,5073.81
0.8,0.54,1.21804,4486.98
0.86,0.8,2.62229,22973.7
0.99,0.36,0.258325,906.815
0.68,0.02,0.995107,24.295
0.55,0.48,1.18005,100.362
0.93,0.08,1.0273,2943.9
0.74,0.3,1.10849,758.201
0.61,0.76,2.57506,9488.91
0.8,0.52,1.39502,3785.45
0.86,0.78,2.39753,41075.7
0.68,0,0.988983,23.9024
0.93,0.06,10.0015,589802
0.74,0.28,1.08431,266.857
0.99,0.34,0.502635,5326.99
0.55,0.46,1.14504,250.408
0.61,0.74,2.05257,2734.52
0.8,0.5,1.34431,8851.29
0.86,0.76,1.73014,36985.5
0.93,0.04,0.973171,1051.58
0.99,0.32,0.47843,5679.99
0.55,0.44,1.13415,230.569
0.67,0.98,708.851,3.674e+07
0.61,0.72,2.15356,4723.79
0.74,0.26,1.10393,638.737
0.8,0.48,1.21472,2027.9
0.93,0.02,1.11597,12183.6
0.86,0.74,2.4912,51873.3
0.99,0.3,0.446195,2984.4
0.55,0.42,1.12659,181.196
0.74,0.24,1.09305,1247.91
0.67,0.96,59.5128,1.534e+06
0.61,0.7,1.91065,3063.63
0.8,0.46,1.29446,10530.6
0.93,0,1.00577,7799.36
0.55,0.4,1.11066,61.0595
0.74,0.22,1.04329,273.167
0.67,0.94,32.4729,1.22125e+06
0.99,0.28,0.372922,3931.06
0.86,0.72,2.01405,23884
0.8,0.44,1.18903,2134.58
0.61,0.68,1.79533,5219.84
0.55,0.38,1.09509,108.568
0.74,0.2,1.03911,410.702
0.92,0.98,2.96734,149783
0.67,0.92,16.531,283867
0.86,0.7,1.11025,4769.62
0.8,0.42,1.52953,17988.7
0.99,0.26,0.65495,20380.8
0.55,0.36,1.07512,67.5591
0.74,0.18,1.02199,337.976
0.61,0.66,1.82611,2195.79
0.67,0.9,15.2072,237389
0.92,0.96,9.23454,398283
0.86,0.68,2.098,28464.3
0.8,0.4,1.33015,4088.88
0.99,0.24,0.421718,4588.92
0.74,0.16,1.03558,162.71
0.55,0.34,1.0713,91.5267
0.61,0.64,1.51888,1523.02
0.67,0.88,4.14032,18318.7
0.92,0.94,1.7755,58200.1
0.99,0.22,0.370161,2470.95
0.86,0.66,1.94799,58177.1
0.8,0.38,1.29133,4489.43
0.55,0.32,1.06269,50.7031
0.74,0.14,1.00031,256.998
0.61,0.62,1.5093,1270.42
0.86,0.64,1.58602,14557.2
0.92,0.92,8.42836,361460
0.8,0.36,1.18925,4307.04
0.99,0.2,0.328528,802.258
0.67,0.86,4.55835,34461.6
0.74,0.12,1.02847,112.895
0.55,0.3,1.04878,26.4464
0.86,0.62,2.46282,70908.1
0.92,0.9,4.37685,245650
0.74,0.1,1.00212,109.903
0.8,0.34,1.14497,1078.75
0.67,0.84,6.29412,169168
0.61,0.6,1.43951,951.937
0.99,0.18,0.687026,14269.2
0.55,0.28,1.0351,30.8513
0.86,0.6,1.2681,11847.1
0.92,0.88,2.54873,46968.8
0.74,0.08,1.01588,149.19
0.8,0.32,1.12549,989.149
0.67,0.82,3.57209,14141.1
0.61,0.58,1.40444,2980.14
0.55,0.26,1.0435,20.1698
0.99,0.16,0.653269,17349.4
0.86,0.58,1.18135,7561.45
0.74,0.06,1.00951,118.728
0.92,0.86,1.59041,34236.4
0.8,0.3,1.14109,3245.15
0.99,0.14,0.709788,17717.2
0.67,0.8,2.77301,9427.37
0.55,0.24,1.03511,28.6433
0.61,0.56,1.34477,564.523
0.74,0.04,0.985531,72.3083
0.92,0.84,0.866005,14717
0.86,0.56,1.26504,7577.42
0.8,0.28,1.08031,1741.47
0.99,0.12,0.644982,15744.7
0.67,0.78,3.53388,43052.1
0.55,0.22,1.02535,14.1749
0.61,0.54,1.30793,1009.96
0.74,0.02,0.982228,116.346
0.92,0.82,2.1029,26421.8
0.8,0.26,1.13117,1287.28
0.86,0.54,1.2551,6909.76
0.99,0.1,0.949768,20787.4
0.67,0.76,2.24315,5732.19
0.55,0.2,1.01992,15.6737
0.61,0.52,1.24029,728.193
0.74,0,0.999951,90.1119
0.8,0.24,1.02992,517.767
0.92,0.8,1.10664,20976
0.86,0.52,1.37443,9220.88
0.99,0.08,0.745511,17479.5
0.67,0.74,2.36871,10080.9
0.55,0.18,1.01875,12.0952
0.61,0.5,1.22556,361.734
0.73,0.98,143.201,2.81154e+06
0.99,0.06,0.527178,2214.23
0.8,0.22,1.03308,461.85
0.92,0.78,1.13601,15863.1
0.86,0.5,1.04666,3945.64
0.55,0.16,1.01249,11.439
0.67,0.72,2.09172,6639.32
0.61,0.48,1.22029,550.027
0.73,0.96,58.119,1.43471e+06
0.8,0.2,1.05518,480.283
0.86,0.48,1.63391,22300
0.99,0.04,0.605631,3417.62
0.55,0.14,1.01129,8.17437
0.92,0.76,0.644528,9121.61
0.67,0.7,2.25637,30876.5
0.8,0.18,1.03116,987.237
0.73,0.94,14.2504,233836
0.61,0.46,1.20734,240.587
0.86,0.46,1.39223,5042.64
0.55,0.12,1.00905,6.5954
0.99,0.02,0.563365,4300.1
0.92,0.74,2.34874,104454
0.8,0.16,0.99755,753.455
0.61,0.44,1.15587,200.834
0.73,0.92,16.7143,599438
0.67,0.68,1.79407,9255.92
0.86,0.44,1.2325,4034.78
0.55,0.1,1.0046,6.50918
0.99,0,1.47756,54970.7
0.92,0.72,1.52777,13049.4
0.8,0.14,1.02035,322.64
0.61,0.42,1.16457,262.431
0.67,0.66,1.83893,6983.81
0.55,0.08,1.00178,5.13111
0.86,0.42,1.28445,10856.7
0.73,0.9,12.9477,360469
0.92,0.7,0.917868,10185.8
0.98,0.98,0.0725655,1948.3
0.61,0.4,1.12479,138.86
0.8,0.12,1.03788,454.661
0.55,0.06,1.00179,4.58342
0.73,0.88,9.58182,218222
0.92,0.68,1.10242,9108.11
0.61,0.38,1.12867,134.665
0.8,0.1,1.02216,400.676
0.86,0.4,1.15011,4085.55
0.67,0.64,1.57837,2278.5
0.98,0.96,0.657405,40013.5
0.55,0.04,1.00027,3.72052
0.73,0.86,6.69125,120431
0.92,0.66,1.02133,7604.42
0.61,0.36,1.10537,149.407
0.86,0.38,1.3093,10273
0.8,0.08,1.0262,503.006
0.67,0.62,1.52772,2121.3
0.98,0.94,0.0399093,622.475
0.55,0.02,1.00236,3.1196
0.73,0.84,3.0181,8694.46
0.61,0.34,1.09313,116.594
0.92,0.64,1.29393,31329
0.8,0.06,1.00793,382.479
0.67,0.6,1.4391,1972
0.86,0.36,1.16894,2734.42
0.98,0.92,0.346678,16842.1
0.55,0,0.999021,2.69511
0.61,0.32,1.08411,139.672
0.73,0.82,5.20947,147544
0.86,0.34,1.10983,2863.27
0.8,0.04,1.00249,284.183
0.67,0.58,1.38118,1196.59
0.92,0.62,1.10833,6672.31
0.98,0.9,0.524749,17199.3
0.54,0.98,934.993,3.92376e+07
0.61,0.3,1.06502,66.5668
0.73,0.8,2.90782,13478.6
0.86,0.32,1.13613,2359.01
0.92,0.6,0.842249,4927.58
0.8,0.02,0.982708,356.299
0.67,0.56,1.41304,2389.58
0.61,0.28,1.05752,81.4478
0.98,0.88,0.249359,13487.7
0.54,0.96,62.694,315202
0.86,0.3,1.0294,2136.95
0.73,0.78,2.10766,10451.9
0.92,0.58,1.22995,24711.8
0.8,0,0.982218,253.32
0.67,0.54,1.33334,1156.15
0.61,0.26,1.05067,59.4306
0.86,0.28,1.14512,5587.17
0.92,0.56,1.17902,23077.5
0.54,0.94,20.9877,92878.7
0.73,0.76,4.50406,57954
0.98,0.86,0.294079,13876.8
0.67,0.52,1.33517,1483.09
0.79,0.98,45.811,732018
0.86,0.26,1.11247,1719.7
0.61,0.24,1.05493,55.5608
0.92,0.54,1.61026,26608.7
0.54,0.92,14.7212,191450
0.73,0.74,2.1103,16830
0.98,0.84,0.117783,732.199
0.67,0.5,1.31193,1025.84
0.79,0.96,508.064,3.06586e+07
0.86,0.24,1.06631,1551.82
0.61,0.22,1.03444,42.1465
0.92,0.52,1.54178,19069.5
0.73,0.72,1.86062,4831.17
0.54,0.9,11.9876,170608
0.98,0.82,0.139364,1339.58
0.67,0.48,1.1967,512.952
0.86,0.22,1.0321,2017.68
0.79,0.94,17.2423,432893
0.92,0.5,0.779611,2948.44
0.73,0.7,1.63517,3160.4
0.98,0.8,0.388889,10065.1
0.86,0.2,1.10352,2959.23
0.54,0.88,7.29541,35934.8
0.61,0.2,1.0265,37.2346
0.67,0.46,1.21666,768.133
0.92,0.48,1.28722,16373.4
0.73,0.68,1.88347,6534.87
0.79,0.92,17.8087,744810
0.86,0.18,0.967275,1079.31
0.54,0.86,4.90347,42684.4
0.98,0.78,0.522476,18817.7
0.61,0.18,1.02417,28.5499
0.67,0.44,1.24412,1000.17
0.92,0.46,1.89352,18928.3
0.73,0.66,1.70281,6441.96
0.79,0.9,31.3287,1.8389e+06
0.86,0.16,1.03115,2290.52
0.54,0.84,3.67025,12587.4
0.98,0.76,0.67347,18197.4
0.61,0.16,1.02004,30.4843
0.67,0.42,1.14394,360.291
0.92,0.44,1.07883,13444.2
0.73,0.64,1.47996,4097.11
0.79,0.88,3.44033,19521.2
0.86,0.14,1.04334,4847.69
0.54,0.82,3.06784,16149.1
0.98,0.74,0.240442,8444.56
0.61,0.14,1.02047,30.439
0.67,0.4,1.15239,2086.11
0.92,0.42,0.956482,11785.9
0.73,0.62,1.67982,9460.47
0.86,0.12,1.05524,1908.89
0.54,0.8,3.14833,11385.8
0.61,0.12,1.00883,24.9574
0.67,0.38,1.18315,4604.24
0.79,0.86,4.56405,58490.6
0.98,0.72,0.28766,6960.56
0.92,0.4,0.941051,9050.23
0.86,0.1,1.02598,1914.1
0.73,0.6,1.49883,7189.78
0.54,0.78,2.5688,3612.05
0.61,0.1,1.00648,15.5873
0.67,0.36,1.11801,572.986
0.79,0.84,2.80506,32615.4
0.98,0.7,0.388694,9458.1
0.92,0.38,1.74422,41566.1
0.86,0.08,0.979344,614.076
0.73,0.58,1.42184,1981.86
0.54,0.76,2.18153,5040.79
0.61,0.08,1.00464,14.1315
0.67,0.34,1.08683,257.875
0.98,0.68,0.241958,7200.66
0.79,0.82,3.58354,82804.3
0.86,0.06,1.03449,1347.67
0.92,0.36,0.912765,9352.84
0.73,0.56,1.45802,2244.23
0.61,0.06,0.998275,11.8942
0.67,0.32,1.10502,312.672
0.54,0.74,2.11576,7398.1
0.98,0.66,0.135828,755.41
0.92,0.34,0.899549,1894.05
0.73,0.54,1.28447,978.938
0.61,0.04,1.00154,9.98149
0.86,0.04,1.07348,5126.8
0.79,0.8,5.40105,212645
0.54,0.72,1.81912,762.85
0.67,0.3,1.06689,266.886
0.92,0.32,1.09971,6962.98
0.98,0.64,0.420752,7632.41
0.73,0.52,1.3564,1694.22
0.61,0.02,0.999003,8.77212
0.79,0.78,1.8511,5075.91
0.54,0.7,1.75278,5514.64
0.86,0.02,0.977305,1651.08
0.67,0.28,1.07006,114.363
0.92,0.3,1.43789,7610.68
0.98,0.62,0.381538,6296.93
0.73,0.5,1.29443,1516.08
0.61,0,0.993859,7.1276
0.54,0.68,1.58453,733.914
0.86,0,0.964865,983.67
0.79,0.76,3.43418,40247.4
0.67,0.26,1.07013,178.55
0.98,0.6,0.498911,7528.78
0.92,0.28,1.24073,20065.2
0.73,0.48,1.21322,783.876
0.6,0.98,579.727,8.04259e+06
0.85,0.98,20.0786,734367
0.67,0.24,1.07271,91.5815
0.54,0.66,1.60547,1007.7
0.79,0.74,1.69471,10470.5
0.98,0.58,0.260436,4778.64
0.92,0.26,1.40839,24723.2
0.73,0.46,1.34902,3555.75
0.6,0.96,47.1238,387144
0.67,0.22,1.04872,224.105
0.54,0.64,1.46577,513.813
0.85,0.96,37.9651,1.15744e+06
0.79,0.72,2.38897,26792.9
0.92,0.24,0.865328,1307.43
0.73,0.44,1.20343,771.259
0.6,0.94,1587.89,9.709e+07
0.98,0.56,0.4161,10132.6
0.67,0.2,1.04769,79.2648
0.54,0.62,1.42217,368.363
0.79,0.7,3.64951,108170
0.85,0.94,10.7754,525297
0.92,0.22,1.60586,16566.9
0.73,0.42,1.21989,2405.12
0.6,0.92,19.2274,540733
0.98,0.54,0.370884,4422.19
0.67,0.18,1.03826,68.7451
0.79,0.68,1.53557,7123.5
0.54,0.6,1.37321,496.864
0.92,0.2,0.937535,3094.1
0.85,0.92,2.50694,47681.5
0.73,0.4,1.1678,1242.28
0.6,0.9,9.60099,49506.5
0.98,0.52,0.841389,32797.1
0.79,0.66,2.34694,20452.8
0.92,0.18,1.00445,4259.92
0.85,0.9,46.167,2.73422e+06
0.73,0.38,1.10991,526.636
0.67,0.16,1.0187,67.2417
0.54,0.58,1.33237,388.713
0.98,0.5,0.471491,4722.37
0.6,0.88,7.93266,113146
0.79,0.64,1.82838,21291.3
0.92,0.16,1.14176,3264.76
0.73,0.36,1.16725,672.144
0.85,0.88,2.43452,40657.1
0.67,0.14,1.01476,55.4386
0.54,0.56,1.30636,446.772
0.98,0.48,0.419637,4690.39
0.6,0.86,5.88241,64802.7
0.92,0.14,0.91965,2358.27
0.79,0.62,1.50325,6714.57
0.85,0.86,2.84414,41975.5
0.73,0.34,1.11379,813.889
0.6,0.84,6.07158,93661.1
0.67,0.12,1.01699,73.1616
0.98,0.46,0.448214,5339.92
0.92,0.12,1.26574,11219
0.79,0.6,5.28132,261292
0.54,0.54,1.24587,180.811
0.73,0.32,1.07322,353.721
0.85,0.84,1.94557,25977.6
0.6,0.82,3.22672,9517.78
0.67,0.1,1.00997,45.0096
0.92,0.1,1.0901,13252.4
0.79,0.58,1.18078,1637.92
0.98,0.44,0.954229,25407.3
0.54,0.52,1.2181,169.91
0.73,0.3,1.10508,708.351
0.6,0.8,2.58822,3077.83
0.92,0.08,0.988183,2114.02
0.67,0.08,1.00475,32.5759
0.85,0.82,2.87694,44166
0.79,0.56,1.21389,1357.64
0.54,0.5,1.18638,375.457
0.98,0.42,0.466977,3848.72
0.73,0.28,1.10507,732.532
0.6,0.78,2.53007,10709.4
0.92,0.06,1.43112,29584.2
0.67,0.06,0.995263,54.6019
0.85,0.8,15.7921,839371
0.79,0.54,1.27095,6025.56
0.98,0.4,1.66716,62002
0.54,0.48,1.19055,130.356
0.73,0.26,1.07,729.852
0.67,0.04,1.00011,41.9415
0.92,0.04,1.00438,2086.05
0.6,0.76,2.55652,7945.62
0.85,0.78,1.46514,13333.9
0.98,0.38,0.690434,11063.2
0.79,0.52,1.55562,20625.2
0.54,0.46,1.14564,205.634
0.73,0.24,1.0794,641.759
0.67,0.02,0.992442,28.9802
0.92,0.02,0.983424,1371.98
0.6,0.74,2.19893,2636.12
0.85,0.76,1.34498,10360.8
0.98,0.36,0.551856,4237.31
0.79,0.5,1.37246,6138.43
0.54,0.44,1.13093,89.5174
0.67,0,0.996196,19.6348
0.73,0.22,1.06878,245.054
0.92,0,0.919641,1162.73
0.6,0.72,1.92513,1829.58
0.85,0.74,2.19481,44425.6
0.79,0.48,2.32216,51357.2
0.54,0.42,1.11789,63.7169
0.98,0.34,0.792484,16804.6
0.66,0.98,329.26,7.60238e+06
0.73,0.2,1.06105,400.164
0.91,0.98,166.76,9.82206e+06
0.79,0.46,1.44519,4747.7
0.54,0.4,1.1054,79.3741
0.98,0.32,0.504827,3563.56
0.85,0.72,1.06729,3741.02
0.6,0.7,1.82882,1542.14
0.66,0.96,112.713,3.26708e+06
0.91,0.96,7.73189,446821
0.73,0.18,1.04843,254.495
0.79,0.44,1.2148,1643.13
0.54,0.38,1.09875,91.0623
0.98,0.3,0.997416,18914.6
0.85,0.7,3.48757,121794
0.66,0.94,33.9493,930028
0.73,0.16,1.03106,420.473
0.6,0.68,1.64517,1969.26
0.79,0.42,1.16147,3179
0.54,0.36,1.07826,42.8353
0.91,0.94,16.9437,867560
0.98,0.28,0.551546,5893.46
0.85,0.68,2.91808,87195.9
0.73,0.14,1.02804,156.045
0.6,0.66,1.67974,2950.27
0.54,0.34,1.07368,66.6953
0.91,0.92,1.5878,22303
0.98,0.26,0.492023,2561.7
0.66,0.92,12.5141,124742
0.79,0.4,1.11235,1772.26
0.85,0.66,2.11807,38318.8
0.73,0.12,1.00933,124.424
0.54,0.32,1.05746,43.0067
0.6,0.64,1.60319,1484.11
0.91,0.9,0.937835,17265.6
0.66,0.9,26.0292,877667
0.85,0.64,1.47442,14229.5
0.98,0.24,0.882596,10029.2
0.73,0.1,1.02196,286.673
0.54,0.3,1.05099,41.1955
0.79,0.38,1.23012,1097.08
0.6,0.62,1.41635,1996.34
0.91,0.88,4.34905,203682
0.98,0.22,3.54233,196032
0.66,0.88,7.95011,43838.3
0.85,0.62,1.20267,7009.08
0.79,0.36,1.05651,962.874
0.73,0.08,0.999498,114.604
0.6,0.6,1.40632,1579.52
0.54,0.28,1.04579,20.2992
0.91,0.86,3.20936,92589.8
0.85,0.6,1.3292,6823.11
0.66,0.86,4.72378,24567.2
0.98,0.2,0.744094,13920.2
0.79,0.34,1.13406,2242.72
0.6,0.58,1.39843,764.742
0.54,0.26,1.02866,17.5292
0.73,0.06,1.01107,64.2963
0.66,0.84,3.92767,57110.1
0.98,0.18,0.570246,2377.55
0.91,0.84,1.3433,9779.87
0.85,0.58,1.5274,9841.9
0.79,0.32,1.09122,996.353
0.6,0.56,1.32839,323.751
0.54,0.24,1.03355,14.1316
0.73,0.04,0.995895,101.238
0.66,0.82,3.60152,12697.6
0.98,0.16,0.653865,2806.11
0.91,0.82,0.96104,17544.2
0.85,0.56,1.78787,27516.6
0.79,0.3,1.10782,783.327
0.6,0.54,1.3097,1050.97
0.54,0.22,1.02182,15.2343
0.73,0.02,0.985336,71.0542
0.98,0.14,0.757973,10997.2
0.91,0.8,4.66124,142408
0.66,0.8,3.43459,59492.3
0.85,0.54,1.05952,3532.72
0.79,0.28,1.05371,1452.21
0.6,0.52,1.21554,343.385
0.54,0.2,1.02041,12.6043
0.98,0.12,0.768085,6100.25
0.91,0.78,0.922243,9391.17
0.73,0,0.987859,71.9372
0.85,0.52,1.65745,27407
0.79,0.26,1.09855,912.301
0.66,0.78,2.9904,35085.4
0.6,0.5,1.22544,295.462
0.54,0.18,1.01653,8.81239
0.91,0.76,2.02445,73764.3
0.98,0.1,0.830886,7741.56
0.72,0.98,118.356,1.82485e+06
0.79,0.24,1.1071,1038.69
0.85,0.5,1.72605,20124.5
0.66,0.76,2.36618,4443.94
0.6,0.48,1.21079,229.174
0.98,0.08,1.03913,27552.3
0.54,0.16,1.01215,7.83355
0.91,0.74,1.76766,49145.7
0.72,0.96,36.0837,1.17134e+06
0.66,0.74,2.33331,16246
0.79,0.22,1.05624,1078.27
0.6,0.46,1.17455,138.051
0.85,0.48,1.60912,10894
0.98,0.06,1.04276,24251.4
0.54,0.14,1.00906,6.44852
0.91,0.72,0.901516,7205
0.72,0.94,28.6768,338612
0.66,0.72,2.13702,2927.44
0.79,0.2,1.06316,920.738
0.6,0.44,1.17066,594.208
0.85,0.46,1.09627,3035.99
0.54,0.12,1.00669,6.22076
0.98,0.04,0.792446,5893.46
0.91,0.7,0.782794,5085.77
0.72,0.92,45.5287,1.88715e+06
0.79,0.18,1.00849,346.395
0.85,0.44,1.1231,2648.12
0.54,0.1,1.00953,5.35585
0.98,0.02,0.616596,2095.18
0.6,0.42,1.12543,192.062
0.66,0.7,1.81887,2026.41
0.91,0.68,1.94377,49418.8
0.72,0.9,6.77202,82953.1
0.79,0.16,1.01817,354.128
0.54,0.08,1.00509,5.00563
0.85,0.42,1.34211,12966.5
0.6,0.4,1.13332,242.628
0.98,0,0.604436,2019.35
0.66,0.68,1.93372,15968.4
0.91,0.66,0.754743,4276.6
0.72,0.88,10.8915,456597
0.54,0.06,1.00138,4.47949
0.85,0.4,1.06626,2008.82
0.79,0.14,1.05813,533.394
0.66,0.66,1.89721,6377.94
0.6,0.38,1.10321,217.931
0.91,0.64,1.13183,4518.58
0.97,0.98,988.88,6.46517e+07
0.72,0.86,4.47182,82505.7
0.54,0.04,0.999724,3.46392
0.85,0.38,1.05539,1809.57
0.66,0.64,1.70402,2302.28
0.79,0.12,1.02889,970.775
0.91,0.62,1.30909,17824.3
0.6,0.36,1.09835,106.716
0.97,0.96,0.234865,11996
0.72,0.84,7.63017,199633
0.54,0.02,0.999123,2.77788
0.85,0.36,1.17394,2320.22
0.66,0.62,1.65859,3431.32
0.91,0.6,1.3267,20081
0.79,0.1,1.01049,307.403
0.6,0.34,1.07878,162.254
0.72,0.82,4.59146,115553
0.97,0.94,0.037385,302.73
0.54,0,0.999225,2.12016
0.85,0.34,1.16058,7372.15
0.66,0.6,1.41795,2636.81
0.79,0.08,1.01961,749.462
0.91,0.58,1.13292,14849.8
0.6,0.32,1.08839,107.814
0.72,0.8,3.59349,29197.7
0.85,0.32,1.21607,3286.02
0.53,0.98,1137.44,4.2033e+07
0.97,0.92,0.317116,5872.96
0.79,0.06,0.97592,650.276
0.6,0.3,1.06486,51.5151
0.91,0.56,1.65515,15825.1
0.66,0.58,1.44058,2600.62
0.72,0.78,4.0281,51768.2
0.53,0.96,42.5167,262364
0.97,0.9,0.230244,5526.8
0.85,0.3,1.03661,1397.88
0.79,0.04,0.969876,286.63
0.6,0.28,1.0617,56.514
0.66,0.56,1.54683,6707.37
0.91,0.54,1.55666,14278
0.72,0.76,1.733,2533.99
0.53,0.94,52.8891,1.18366e+06
0.79,0.02,0.995835,361.19
0.85,0.28,1.15837,3833.67
0.6,0.26,1.04866,92.2936
0.97,0.88,0.434077,6319.82
0.91,0.52,1.16847,13995.3
0.66,0.54,1.33436,1310.46
0.85,0.26,0.982262,1179.09
0.6,0.24,1.03789,73.4925
0.79,0,0.990293,277.752
0.97,0.86,0.195832,4380.47
0.53,0.92,13.834,75238.2
0.72,0.74,2.08606,4961.4
0.91,0.5,0.970402,10970
0.66,0.52,1.30027,1226.06
0.85,0.24,0.99626,1128.37
0.6,0.22,1.03573,45.4799
0.53,0.9,8.99541,74058.3
0.97,0.84,1.58383,88094.4
0.78,0.98,3262.29,2.00137e+08
0.91,0.48,1.31869,9461.17
0.72,0.72,2.09177,9247.54
0.66,0.5,1.25077,571.221
0.6,0.2,1.03384,28.4461
0.85,0.22,1.03317,926.482
0.78,0.96,107.227,4.97069e+06
0.53,0.88,5.90026,13965.1
0.97,0.82,0.307016,4872.86
0.91,0.46,1.16132,8197.63
0.66,0.48,1.22839,494.467
0.85,0.2,1.09466,2271.51
0.6,0.18,1.02293,20.3012
0.72,0.7,1.93822,18201.8
0.53,0.86,6.33808,36336.9
0.78,0.94,5.38013,61052
0.91,0.44,0.955351,1780.55
0.97,0.8,0.221589,3595.25
0.66,0.46,1.25108,1283.01
0.85,0.18,0.991281,775.137
0.6,0.16,1.01746,23.5396
0.72,0.68,1.79554,6659.27
0.53,0.84,4.20324,19950.3
0.91,0.42,1.03832,5200.25
0.78,0.92,5.8144,36185.6
0.97,0.78,0.353439,2779.49
0.66,0.44,1.19128,841.289
0.6,0.14,1.01337,16.3908
0.72,0.66,1.85783,9856.94
0.85,0.16,1.03979,1738.28
0.53,0.82,3.61019,11922.1
0.78,0.9,7.74573,306483
0.85,0.14,0.984647,558.019
0.97,0.76,0.247628,3170.77
0.72,0.64,1.50497,4039
0.6,0.12,1.01054,14.4787
0.66,0.42,1.17195,415.931
0.53,0.8,2.63971,7567.98
0.91,0.4,1.09153,17555.7
0.85,0.12,1.00587,551.106
0.72,0.62,1.50173,3419.65
0.78,0.88,7.75756,186281
0.6,0.1,1.00338,11.7127
0.66,0.4,1.13792,248.573
0.53,0.78,2.32604,5931.71
0.97,0.74,1.16073,54113.7
0.91,0.38,1.12297,5810.11
0.85,0.1,1.00684,465.964
0.72,0.6,1.74825,10132.6
0.78,0.86,3.39106,35438.6
0.6,0.08,1.00332,17.5962
0.66,0.38,1.1337,497.035
0.53,0.76,2.41112,3984.57
0.97,0.72,0.46852,3851.47
0.91,0.36,1.1799,6209.34
0.85,0.08,0.968393,423.982
0.6,0.06,1.00206,10.1892
0.72,0.58,1.84333,10192
0.78,0.84,4.92792,96554
0.53,0.74,2.04331,11355.1
0.97,0.7,1.25384,51487.7
0.85,0.06,0.985564,859.221
0.6,0.04,0.996834,9.71698
0.91,0.34,2.38218,83281.1
0.66,0.36,1.11511,271.061
0.72,0.56,1.32121,1652
0.78,0.82,3.56637,50305.3
0.97,0.68,0.696238,17939.6
0.53,0.72,1.90961,1779.32
0.85,0.04,0.964189,350.272
0.6,0.02,0.998994,6.90114
0.66,0.34,1.11391,220.643
0.91,0.32,1.00962,4096.12
0.72,0.54,1.41995,6353.15
0.78,0.8,1.9036,5231.94
0.6,0,0.996456,6.26314
0.53,0.7,1.63407,802.769
0.85,0.02,1.01184,758.735
0.66,0.32,1.08296,204.377
0.97,0.66,0.280604,2525.51
0.72,0.52,1.38811,5306.77
0.91,0.3,1.25956,13683.8
0.78,0.78,2.56694,12013.7
0.85,0,0.965986,226.631
0.66,0.3,1.08426,123.27
0.59,0.98,431.208,6.15592e+06
0.53,0.68,1.66832,1041.81
0.97,0.64,0.341515,2596.02
0.72,0.5,1.33171,3931.2
0.91,0.28,1.24077,16165.1
0.66,0.28,1.06749,123.11
0.78,0.76,2.14341,24077.3
0.84,0.98,130.517,3.56255e+06
0.59,0.96,41.1535,301527
0.53,0.66,1.53767,793.799
0.72,0.48,1.35269,1843.72
0.97,0.62,0.431459,2241.69
0.91,0.26,1.09119,11459.5
0.66,0.26,1.05951,115.064
0.84,0.96,6.66137,131456
0.59,0.94,80.9808,1.55298e+06
0.78,0.74,2.03398,9097.42
0.53,0.64,1.46691,645.83
0.72,0.46,1.18259,741.919
0.97,0.6,1.03693,30556.4
0.91,0.24,1.08976,2715.39
0.66,0.24,1.05606,133.818
0.78,0.72,1.73062,4136.19
0.72,0.44,1.21829,1017.49
0.97,0.58,1.32699,29057.8
0.84,0.94,41.3249,2.08701e+06
0.59,0.92,13.5578,143898
0.66,0.22,1.04582,72.4465
0.53,0.62,1.42803,514.362
0.91,0.22,1.10549,3154.29
0.72,0.42,1.2103,1238.75
0.78,0.7,1.64186,6018.94
0.59,0.9,10.5131,235361
0.84,0.92,3.7349,44662.7
0.97,0.56,1.09121,28140.3
0.66,0.2,1.02865,59.9434
0.53,0.6,1.40457,640.106
0.91,0.2,1.19755,7879.27
0.78,0.68,1.67517,9122.58
0.72,0.4,1.18442,637.319
0.66,0.18,1.03139,64.9314
0.84,0.9,5.99486,96870.3
0.97,0.54,0.336833,1780.21
0.59,0.88,5.88443,37803.2
0.53,0.58,1.3211,278.502
0.91,0.18,1.1217,6342.25
0.78,0.66,1.59749,7594.59
0.72,0.38,1.15426,599.676
0.66,0.16,1.02205,48.9846
0.84,0.88,5.70111,253959
0.97,0.52,0.528469,2532.18
0.59,0.86,5.25914,16132.7
0.91,0.16,1.07751,6782.03
0.53,0.56,1.27914,487.091
0.72,0.36,1.12033,597.838
0.66,0.14,1.01873,79.2699
0.78,0.64,1.36677,5500.15
0.84,0.86,2.50138,70302.4
0.97,0.5,1.09494,19597.8
0.91,0.14,0.971425,1861.89
0.59,0.84,3.89864,9968.66
0.53,0.54,1.28554,203.454
0.78,0.62,3.58663,141730
0.66,0.12,1.01106,70.7043
0.72,0.34,1.11464,1213.76
0.84,0.84,3.92416,107540
0.97,0.48,0.495318,8519.05
0.59,0.82,3.89204,19431.4
0.91,0.12,1.07762,6320.14
0.53,0.52,1.22596,148.209
0.78,0.6,1.27688,1577.25
0.72,0.32,1.11138,298.71
0.66,0.1,1.00666,35.7541
0.84,0.82,3.20595,84512.9
0.97,0.46,0.805064,16166.4
0.59,0.8,3.03987,5933.47
0.53,0.5,1.20026,183.661
0.72,0.3,1.11539,538.09
0.91,0.1,0.900103,1219.84
0.78,0.58,1.49152,8642.92
0.97,0.44,1.03185,16524.5
0.84,0.8,1.93209,23282.6
0.66,0.08,1.00577,42.4904
0.53,0.48,1.1666,101.342
0.59,0.78,3.02864,19572.1
0.72,0.28,1.0819,216.212
0.91,0.08,1.25181,17892.9
0.53,0.46,1.14736,179.612
0.78,0.56,1.45908,3135
0.59,0.76,2.27519,2695.5
0.66,0.06,0.999773,34.7537
0.97,0.42,0.496827,6781.01
0.84,0.78,1.087,9932.52
0.72,0.26,1.05763,242.842
0.78,0.54,1.31293,1564.63
0.91,0.06,0.979893,1343.04
0.66,0.04,0.992219,23.3025
0.53,0.44,1.12966,67.5231
0.97,0.4,2.22099,105657
0.59,0.74,2.2283,10579.4
0.72,0.24,1.02607,226.814
0.84,0.76,2.06482,16844.2
0.78,0.52,1.24691,1423.48
0.66,0.02,0.991023,17.9763
0.97,0.38,0.804489,5966.55
0.53,0.42,1.11615,61.4738
0.59,0.72,2.04051,6258.33
0.91,0.04,0.925516,1352.22
0.72,0.22,1.05149,158.064
0.84,0.74,1.73995,25388
0.66,0,0.995365,14.9219
0.78,0.5,1.27264,3153.2
0.97,0.36,0.700073,8410.46
0.59,0.7,1.86325,1210.07
0.53,0.4,1.10219,85.5418
0.72,0.2,1.05955,1295.29
0.91,0.02,1.05948,2919.12
0.84,0.72,2.34598,42017.9
0.78,0.48,1.24633,1973.7
0.97,0.34,0.524365,1280.04
0.65,0.98,258.087,6.6911e+06
0.59,0.68,1.66914,3338.98
0.53,0.38,1.09508,66.8663
0.72,0.18,1.02657,242.469
0.91,0,0.96811,1028.74
0.84,0.7,8.46411,334929
0.97,0.32,1.10175,23689
0.78,0.46,1.33027,2293.76
0.65,0.96,903.591,2.71334e+07
0.59,0.66,1.58073,760.322
0.72,0.16,1.05585,158.797
0.53,0.36,1.08006,36.9031
0.9,0.98,99.1197,5.7646e+06
0.84,0.68,1.61288,9841.02
0.97,0.3,1.01471,9958.5
0.65,0.94,20.9087,252834
0.78,0.44,1.2208,3293.72
0.72,0.14,1.02127,111.837
0.53,0.34,1.06404,28.4198
0.59,0.64,1.50368,1080.96
0.9,0.96,113.944,7.19605e+06
0.97,0.28,1.35428,55213.6
0.84,0.66,1.02379,2177.13
0.53,0.32,1.05955,39.4716
0.72,0.12,1.00686,70.5901
0.78,0.42,1.13889,1633.37
0.65,0.92,25.3604,541014
0.59,0.62,1.47769,991.323
0.97,0.26,0.673158,3943.81
0.9,0.94,2.20945,67592.1
0.53,0.3,1.04068,22.7229
0.78,0.4,1.12135,1290.88
0.65,0.9,11.8005,152909
0.72,0.1,1.01288,79.874
0.84,0.64,2.07877,26402.3
0.59,0.6,1.42427,632.316
0.97,0.24,0.504127,849.341
0.53,0.28,1.03852,22.3017
0.65,0.88,7.60873,33812.5
0.72,0.08,1.00752,97.2395
0.84,0.62,1.25415,10177.2
0.78,0.38,1.22396,6044.3
0.9,0.92,7.17512,343605
0.59,0.58,1.33117,349.306
0.53,0.26,1.03415,19.81
0.97,0.22,1.16831,40344.1
0.65,0.86,5.22887,21305.1
0.84,0.6,1.56586,6960.91
0.78,0.36,1.19045,2178.6
0.72,0.06,0.986654,56.5673
0.59,0.56,1.31623,833.386
0.9,0.9,2.74678,28461.4
0.97,0.2,0.836813,3176.2
0.53,0.24,1.02512,15.375
0.65,0.84,4.90771,36172.3
0.84,0.58,1.19815,3940.13
0.78,0.34,1.0817,646.105
0.72,0.04,0.993787,67.497
0.9,0.88,4.20168,163884
0.97,0.18,0.941797,5419.88
0.59,0.54,1.28027,221.563
0.53,0.22,1.01855,15.8968
0.65,0.82,4.68527,59109.5
0.84,0.56,1.20194,3969.64
0.78,0.32,1.08827,1435.39
0.72,0.02,0.998612,41.6171
0.97,0.16,0.781036,8139.67
0.9,0.86,3.56062,116379
0.53,0.2,1.01979,16.5695
0.59,0.52,1.24503,453.493
0.78,0.3,1.062,788.683
0.84,0.54,1.26902,4753.58
0.72,0,0.990734,38.2979
0.65,0.8,2.13826,2549.37
0.97,0.14,1.40431,29463.7
0.9,0.84,0.627687,6836.1
0.53,0.18,1.01614,9.01225
0.84,0.52,1.25034,3874.77
0.59,0.5,1.21176,445.786
0.97,0.12,1.44075,25506.5
0.71,0.98,1324.01,3.13099e+07
0.65,0.78,2.6252,11412.9
0.9,0.82,2.06171,54781
0.78,0.28,1.10008,1213.05
0.53,0.16,1.00975,6.7585
0.84,0.5,1.59878,16287.4
0.59,0.48,1.19162,206.52
0.71,0.96,45.2296,772313
0.65,0.76,2.77825,22686.9
0.97,0.1,0.664423,2181.5
0.78,0.26,1.08951,758.821
0.9,0.8,7.68829,346375
0.53,0.14,1.00949,5.461
0.84,0.48,1.01227,4112.08
0.65,0.74,2.40653,15222.9
0.59,0.46,1.16308,281.314
0.71,0.94,68.4183,3.46439e+06
0.97,0.08,0.788217,2823.25
0.78,0.24,1.10078,1074.13
0.53,0.12,1.00618,5.31332
0.65,0.72,1.94261,4916.22
0.71,0.92,19.1389,353072
0.9,0.78,1.09171,7460.03
0.59,0.44,1.15424,328.455
0.84,0.46,1.10658,2082.34
0.97,0.06,0.799613,9632.23
0.53,0.1,1.00278,4.63163
0.65,0.7,1.88155,3883.91
0.59,0.42,1.14482,129.298
0.9,0.76,1.55296,23899.2
0.78,0.22,1.04193,364.811
0.84,0.44,1.34388,7451.5
0.71,0.9,52.7913,2.77643e+06
0.97,0.04,0.892782,6732.31
0.53,0.08,1.00106,3.13979
0.65,0.68,1.89702,6125.76
0.9,0.74,0.8939,5853.8
0.84,0.42,1.32115,6261.1
0.59,0.4,1.12949,142.744
0.71,0.88,19.2768,499700
0.78,0.2,1.06204,476.445
0.97,0.02,0.627714,1750.95
0.9,0.72,1.12772,25037.6
0.84,0.4,1.1509,3389.55
0.53,0.06,1.00178,3.51717
0.59,0.38,1.10531,138.363
0.65,0.66,1.99859,4955.02
0.97,0,1.1498,15427.2
0.84,0.38,1.09382,1740.83
0.9,0.7,4.21899,179389
0.71,0.86,5.24729,86128.4
0.78,0.18,1.04068,391.547
0.53,0.04,1.00009,2.69648
0.59,0.36,1.09335,75.0061
0.65,0.64,1.702,6916.55
0.96,0.98,6.8276,202173
0.84,0.36,1.47478,15139.1
0.9,0.68,0.842756,3961.48
0.78,0.16,1.04733,242.104
0.71,0.84,6.4673,157264
0.53,0.02,1.00046,2.50918
0.59,0.34,1.07736,85.3202
0.65,0.62,1.57911,2603.21
0.96,0.96,3.56387,116915
0.84,0.34,1.16188,4509.74
0.78,0.14,1.0456,385.895
0.71,0.82,3.30033,35545.2
0.53,0,1.00019,1.84121
0.9,0.66,0.721468,3043.55
0.59,0.32,1.07433,60.2369
0.65,0.6,1.44532,1088.5
0.96,0.94,0.322378,3327.95
0.71,0.8,3.16368,25158.4
0.9,0.64,1.28701,16680.4
0.59,0.3,1.06267,42.6507
0.52,0.98,813.872,3.409e+07
0.78,0.12,1.01939,639.983
0.84,0.32,1.11184,3460.21
0.65,0.58,1.40325,1007.29
0.9,0.62,1.28339,12021.1
0.71,0.78,2.44833,14162.5
0.59,0.28,1.07421,50.9648
0.78,0.1,1.01186,286.608
0.96,0.92,0.36119,4301.85
0.52,0.96,93.9682,1.64243e+06
0.65,0.56,1.29951,803.291
0.84,0.3,1.51178,23585.8
0.9,0.6,1.13147,8816.19
0.71,0.76,2.80525,13266.1
0.59,0.26,1.04917,71.9282
0.78,0.08,0.994412,140.287
0.52,0.94,32.3483,469817
0.96,0.9,0.936698,51723.4
0.65,0.54,1.33974,1297.08
0.84,0.28,1.09377,1390.17
0.9,0.58,0.919051,8738.36
0.59,0.24,1.03582,33.1829
0.71,0.74,2.69344,24089.7
0.78,0.06,1.00304,181.062
0.52,0.92,12.8871,29717.6
0.65,0.52,1.24938,583.112
0.96,0.88,0.773211,33853.4
0.84,0.26,1.0441,2137.95
0.9,0.56,0.84811,2063.77
0.71,0.72,1.65167,3066.9
0.78,0.04,1.00502,220.893
0.65,0.5,1.30476,1322.75
0.59,0.22,1.02557,30.651
0.52,0.9,8.02922,13296.4
0.96,0.86,0.653754,26478.8
0.71,0.7,3.17939,80202.3
0.9,0.54,1.01974,7178.6
0.84,0.24,1.07306,1830.69
0.65,0.48,1.19928,684.747
0.78,0.02,0.994243,169.773
0.59,0.2,1.02133,30.9582
0.52,0.88,6.6259,53172.1
0.96,0.84,8.08796,516019
0.9,0.52,1.07887,5189.87
0.71,0.68,3.63439,63029.3
0.65,0.46,1.20266,514.72
0.59,0.18,1.02459,20.6501
0.84,0.22,1.00635,1992.59
0.78,0,0.974442,328.711
0.52,0.86,4.69221,6037.47
0.96,0.82,0.612219,19879.4
0.9,0.5,0.805158,1544.72
0.71,0.66,1.58927,1628.68
0.65,0.44,1.17148,402.003
0.84,0.2,1.1054,1409.48
0.59,0.16,1.01747,20.5412
0.77,0.98,51.4489,1.90525e+06
0.52,0.84,3.92716,20456.7
0.96,0.8,0.946966,24442.7
0.9,0.48,1.3391,7053.47
0.71,0.64,1.7199,6158.67
0.65,0.42,1.1583,351.323
0.84,0.18,1.12751,1202.24
0.9,0.46,1.68118,23125
0.77,0.96,27.5606,873641
0.59,0.14,1.01298,14.0881
0.52,0.82,3.63564,9960.9
0.65,0.4,1.18163,335.274
0.71,0.62,1.58746,5199.4
0.96,0.78,0.257437,1873.73
0.84,0.16,1.01123,1300.05
0.9,0.44,1.31502,19805.3
0.77,0.94,12.1144,201402
0.52,0.8,2.80281,6608.05
0.59,0.12,1.00804,11.618
0.65,0.38,1.15171,334.87
0.71,0.6,1.58304,3478.3
0.96,0.76,1.10117,18681.1
0.84,0.14,1.02697,1056.83
0.9,0.42,1.05243,4215.53
0.65,0.36,1.12667,298.804
0.59,0.1,1.00466,9.60123
0.77,0.92,6.45534,117730
0.71,0.58,1.64035,6287.93
0.52,0.78,2.59655,21591.1
0.84,0.12,1.01751,884.895
0.96,0.74,0.713049,15122.6
0.9,0.4,1.21196,17097.5
0.71,0.56,1.39505,1543.61
0.59,0.08,1.00114,11.0722
0.84,0.1,0.959866,294.06
0.52,0.76,2.13785,1821.4
0.65,0.34,1.12852,293.602
0.96,0.72,1.13649,20042.6
0.77,0.9,4.94538,59482.1
0.9,0.38,22.225,1.37595e+06
0.59,0.06,1.00087,11.0041
0.71,0.54,1.33848,2045.58
0.84,0.08,1.01347,759.016
0.65,0.32,1.08968,320.809
0.52,0.74,1.9923,2367.83
0.9,0.36,1.42437,10633.2
0.96,0.7,0.807906,18094
0.77,0.88,5.37607,141722
0.59,0.04,0.996692,7.3698
0.71,0.52,1.54588,12655.5
0.65,0.3,1.07131,125.432
0.84,0.06,0.963347,741.174
0.52,0.72,1.8879,1003.53
0.96,0.68,0.412459,8696.09
0.9,0.34,0.993544,2677.28
0.77,0.86,3.5868,30922.2
0.59,0.02,0.996505,5.57941
0.71,0.5,1.24733,643.137
0.65,0.28,1.06947,171.299
0.84,0.04,0.983757,256.903
0.52,0.7,1.68426,731.858
0.9,0.32,1.1755,7382.41
0.96,0.66,0.341027,1256.17
0.59,0,0.995874,5.12134
0.71,0.48,1.22533,838.752
0.65,0.26,1.05401,69.0266
0.84,0.02,0.992623,373.869
0.77,0.84,3.98663,62663.3
0.9,0.3,1.17641,8966.12
0.52,0.68,1.5954,389.069
0.96,0.64,0.818863,14821.4
0.58,0.98,5953.55,2.61886e+08
0.71,0.46,1.24084,1950.65
0.65,0.24,1.04261,118.125
0.84,0,0.989832,1109.8
0.9,0.28,1.08939,8020.65
0.52,0.66,1.53538,633.832
0.77,0.82,2.9015,44208.3
0.96,0.62,1.81364,69893.8
0.71,0.44,1.12706,796.519
0.65,0.22,1.0352,80.1858
0.58,0.96,621.837,1.57165e+07
0.83,0.98,240.216,1.08459e+07
0.9,0.26,1.00663,1820.83
0.52,0.64,1.47944,468.761
0.77,0.8,4.89268,100981
0.96,0.6,0.476251,5787.27
0.71,0.42,1.1648,1401.08
0.65,0.2,1.02747,72.2082
0.58,0.94,19.8009,74834.2
0.83,0.96,10.4025,561827
0.52,0.62,1.3977,429.267
0.9,0.24,0.932395,1985.9
0.77,0.78,3.84657,78299.7
0.96,0.58,0.677241,7576.78
0.65,0.18,1.02036,51.9447
0.71,0.4,1.20716,1671.83
0.58,0.92,20.6569,427829
0.83,0.94,7.39081,249428
0.9,0.22,1.15681,5582.4
0.52,0.6,1.37823,644.909
0.96,0.56,1.93747,91960
0.65,0.16,1.01656,41.0019
0.77,0.76,1.69941,6143.76
0.58,0.9,11.8711,159127
0.71,0.38,1.1404,837.869
0.9,0.2,0.916236,1403.43
0.83,0.92,7.18805,122930
0.52,0.58,1.32185,640.514
0.96,0.54,0.622501,7494.6
0.65,0.14,1.01812,36.6133
0.58,0.88,6.95371,19088.2
0.9,0.18,1.02615,1343.66
0.83,0.9,4.76357,94411
0.77,0.74,2.4025,15371.7
0.71,0.36,1.17994,1536.27
0.52,0.56,1.26424,210.481
0.96,0.52,0.722347,8333.53
0.65,0.12,1.00889,42.8484
0.58,0.86,6.3781,45864.5
0.9,0.16,1.01751,3089.52
0.83,0.88,1.78935,13147.4
0.71,0.34,1.12944,747.298
0.52,0.54,1.24748,405.345
0.96,0.5,0.937585,7894.92
0.77,0.72,2.10383,13338.6
0.58,0.84,6.77745,192804
0.9,0.14,0.993836,3541.86
0.65,0.1,1.01081,28.5067
0.83,0.86,3.60563,43246.5
0.52,0.52,1.22849,315.539
0.96,0.48,0.565721,7949.44
0.71,0.32,1.14709,666.925
0.77,0.7,2.08368,27959
0.58,0.82,4.25857,31624.4
0.65,0.08,1.00176,29.8543
0.9,0.12,0.95773,1162.94
0.83,0.84,2.68225,32159.7
0.71,0.3,1.06715,213.07
0.96,0.46,0.629485,4168.09
0.77,0.68,2.20905,24086.8
0.52,0.5,1.16781,82.1881
0.65,0.06,0.997066,29.473
0.58,0.8,3.26456,12129.2
0.9,0.1,1.01809,2414.81
0.83,0.82,2.20894,27206.1
0.71,0.28,1.1004,244.495
0.96,0.44,0.64867,7410.7
0.77,0.66,1.59572,5665.22
0.52,0.48,1.17878,78.1711
0.65,0.04,1.00046,24.2271
0.58,0.78,2.64275,7286.56
0.9,0.08,0.901079,822.071
0.83,0.8,1.53039,19474.1
0.96,0.42,0.725798,4931.03
0.71,0.26,1.06155,224.986
0.52,0.46,1.14153,72.6274
0.77,0.64,1.82373,26056.5
0.9,0.06,1.39059,22175.8
0.65,0.02,0.999513,19.1641
0.58,0.76,2.63288,11257.1
0.71,0.24,1.06631,304.598
0.96,0.4,0.84086,3542.15
0.83,0.78,1.36524,3949.49
0.52,0.44,1.12997,62.0282
0.77,0.62,1.64049,24692.5
0.65,0,0.990064,16.4918
0.58,0.74,2.21418,4143.14
0.9,0.04,0.944049,714.275
0.96,0.38,0.548857,2381.55
0.77,0.6,1.60602,3905.34
0.83,0.76,3.41194,115081
0.71,0.22,1.04472,231.152
0.52,0.42,1.10537,71.6667
0.64,0.98,646.704,1.72139e+07
0.58,0.72,2.02189,2843.59
0.9,0.02,0.986763,2135.81
0.77,0.58,1.54315,9574.51
0.96,0.36,0.905004,11958.4
0.83,0.74,1.35642,10151.2
0.71,0.2,1.04154,219.493
0.52,0.4,1.09218,60.1535
0.64,0.96,79.8808,2.14446e+06
0.77,0.56,1.71526,11427.5
0.96,0.34,0.711294,3376.79
0.9,0,0.949093,1856.59
0.58,0.7,1.81115,3737.35
0.83,0.72,2.72817,74447.4
0.64,0.94,21.0882,223169
0.77,0.54,1.66366,10601.2
0.71,0.18,1.02803,97.2706
0.96,0.32,8.07503,467036
0.89,0.98,8.18502,374445
0.52,0.38,1.08931,45.3287
0.58,0.68,1.67593,1369.75
0.83,0.7,1.60448,6305.79
0.77,0.52,1.55075,8461.09
0.64,0.92,39.9516,1.3728e+06
0.71,0.16,1.00771,137.288
0.96,0.3,1.00613,22388.6
0.89,0.96,5.8187,147591
0.52,0.36,1.07212,29.8119
0.58,0.66,1.69826,2247.59
0.83,0.68,1.18264,6424.25
0.64,0.9,10.0037,117974
0.71,0.14,1.01133,136.562
0.96,0.28,0.831667,2994.22
0.77,0.5,1.33669,4022.89
0.89,0.94,13.5701,421511
0.52,0.34,1.05887,25.3027
0.96,0.26,0.672117,4547.47
0.71,0.12,0.99877,62.9286
0.58,0.64,1.49612,968.23
0.64,0.88,11.1927,289592
0.77,0.48,1.26091,1430.92
0.83,0.66,1.84374,19330.2
0.89,0.92,4.65365,215980
0.52,0.32,1.04931,30.2978
0.71,0.1,1.00367,63.9329
0.64,0.86,8.07331,153560
0.58,0.62,1.46686,704.879
0.77,0.46,1.44171,4208.3
0.96,0.24,0.790684,4041.83
0.52,0.3,1.04054,18.8821
0.89,0.9,1.74885,15770.7
0.83,0.64,1.87787,33227.2
0.58,0.6,1.43635,642.702
0.71,0.08,1.00419,77.8422
0.64,0.84,3.77012,10827.6
0.77,0.44,1.21668,1949.5
0.96,0.22,0.863716,3468.55
0.52,0.28,1.04367,19.712
0.89,0.88,4.48688,229305
0.83,0.62,1.2233,6436.62
0.58,0.58,1.3758,871.096
0.71,0.06,1.00355,76.3532
0.64,0.82,3.07138,8176.97
0.77,0.42,1.09986,1750.93
0.96,0.2,0.756083,2526.37
0.52,0.26,1.02683,17.5143
0.89,0.86,8.43715,391547
0.83,0.6,1.67332,12042.8
0.58,0.56,1.32074,423.743
0.77,0.4,1.24309,2777.59
0.96,0.18,0.671151,2019.73
0.64,0.8,2.54104,12499.3
0.71,0.04,1.00211,57.3153
0.52,0.24,1.02231,16.5012
0.83,0.58,2.23792,57006
0.89,0.84,0.99254,9841.54
0.58,0.54,1.26151,493.482
0.77,0.38,1.20723,1277.17
0.96,0.16,0.855791,2384.01
0.64,0.78,2.29258,5197.89
0.71,0.02,0.991379,51.904
0.52,0.22,1.02471,11.1828
0.83,0.56,1.19017,2699.17
0.58,0.52,1.24955,262.78
0.96,0.14,0.932845,2707.04
0.89,0.82,1.33028,20230.2
0.77,0.36,1.20022,2486.71
0.71,0,0.98711,37.5009
0.64,0.76,2.47717,8067.49
0.52,0.2,1.01709,7.6482
0.83,0.54,1.43109,3462.67
0.58,0.5,1.19213,195.96
0.96,0.12,1.00495,11575.4
0.77,0.34,1.13207,692.663
0.7,0.98,101.807,1.72305e+06
0.89,0.8,1.86708,32767.1
0.64,0.74,2.21251,5139.1
0.52,0.18,1.01254,7.88575
0.83,0.52,1.35408,16915.1
0.77,0.32,1.13661,3049.45
0.58,0.48,1.20655,167.737
0.89,0.78,0.837903,5741.4
0.64,0.72,2.15972,9444.1
0.96,0.1,1.1012,7925.33
0.7,0.96,46.6053,753834
0.83,0.5,1.1634,2953.44
0.77,0.3,1.13152,1273.89
0.52,0.16,1.01178,5.49751
0.64,0.7,1.93875,7529.12
0.58,0.46,1.18163,213.893
0.89,0.76,1.35866,37012
0.96,0.08,0.795484,1466.4
0.7,0.94,24.2145,731113
0.83,0.48,1.29201,8081.81
0.77,0.28,1.0976,963.772
0.52,0.14,1.00536,4.66439
0.58,0.44,1.15412,264.294
0.89,0.74,1.31094,31714.4
0.64,0.68,1.75883,2567.15
0.7,0.92,20.6723,341711
0.96,0.06,1.02579,8424.09
0.77,0.26,1.08995,881.139
0.58,0.42,1.13706,142.115
0.83,0.46,1.33678,4806.11
0.52,0.12,1.00623,4.33988
0.64,0.66,1.73501,3440.27
0.7,0.9,13.7848,180484
0.89,0.72,0.798728,9151.13
0.96,0.04,0.801316,2265.55
0.77,0.24,1.07856,762.596
0.58,0.4,1.14083,168.906
0.83,0.44,1.05145,1716.09
0.52,0.1,1.00108,3.87166
0.64,0.64,1.65987,5707.31
0.7,0.88,5.37848,92367.7
0.96,0.02,0.716698,1847.95
0.89,0.7,0.995102,11220.6
0.77,0.22,1.07333,614.922
0.58,0.38,1.1123,89.7353
0.83,0.42,1.55512,25359.3
0.52,0.08,1.00195,2.96408
0.64,0.62,1.84605,18279.7
0.7,0.86,5.3674,61005.4
0.96,0,0.909109,2326.37
0.77,0.2,1.02028,333.931
0.89,0.68,1.01831,9076.96
0.58,0.36,1.07668,108.289
0.83,0.4,1.05866,1796.07
0.52,0.06,1.00121,2.64312
0.64,0.6,1.51648,3224.5
0.77,0.18,1.0333,758.719
0.7,0.84,3.85658,36078.1
0.58,0.34,1.0866,74.1735
0.83,0.38,1.17186,3035.66
0.89,0.66,1.29379,12430.2
0.52,0.04,0.999858,2.19771
0.77,0.16,1.0164,416.018
0.64,0.58,1.36985,846.59
0.95,0.98,2.58937,79527.2
0.7,0.82,3.99,73564.5
0.58,0.32,1.07246,55.8033
0.83,0.36,1.17048,6190.69
0.89,0.64,1.35314,10905.5
0.52,0.02,0.999855,1.81934
0.77,0.14,1.02643,322.649
0.64,0.56,1.3785,1177.81
0.95,0.96,0.916525,45824.3
0.58,0.3,1.05739,46.9168
0.7,0.8,4.64895,51371.3
0.83,0.34,1.04581,1554.38
0.89,0.62,1.92862,70392.7
0.77,0.12,1.00999,309.273
0.52,0,1.00179,1.66446
0.64,0.54,1.30275,596.673
0.95,0.94,0.385795,12586.1
0.58,0.28,1.05527,50.4584
0.83,0.32,1.18188,2858.19
0.77,0.1,0.999878,262.252
0.7,0.78,3.07425,14513.8
0.64,0.52,1.30073,841.327
0.51,0.98,17573.9,1.0488e+09
0.89,0.6,0.908313,7031.6
0.58,0.26,1.04869,33.6446
0.95,0.92,6.63617,352639
0.77,0.08,1.00589,189.838
0.83,0.3,1.01749,1684.29
0.7,0.76,2.99929,27178.5
0.64,0.5,1.18495,359.029
0.51,0.96,189.488,4.28796e+06
0.58,0.24,1.04622,28.8546
0.89,0.58,0.924168,4704.24
0.95,0.9,0.794038,19591
0.77,0.06,0.992338,185.817
0.83,0.28,1.1058,2106.41
0.64,0.48,1.22457,312.193
0.7,0.74,2.39433,18681.5
0.51,0.94,22.2785,57580.7
0.89,0.56,0.89547,7106.84
0.58,0.22,1.02262,21.0358
0.95,0.88,114.677,7.45727e+06
0.83,0.26,1.03194,1404.26
0.7,0.72,2.37219,13503
0.77,0.04,0.981596,148.221
0.58,0.2,1.02308,20.5831
0.89,0.54,3.09533,112203
0.51,0.92,12.8775,115624
0.64,0.46,1.19827,283.285
0.83,0.24,1.04948,576.329
0.77,0.02,0.986195,137.152
0.58,0.18,1.02284,22.658
0.89,0.52,1.24962,5512.04
0.51,0.9,9.46369,93943.2
0.95,0.86,0.592129,12663.6
0.7,0.7,2.09069,10410.4
0.64,0.44,1.17261,307.279
0.83,0.22,1.01975,822.037
0.77,0,0.984337,119.434
0.58,0.16,1.0126,17.48
0.51,0.88,11.7763,390011
0.89,0.5,1.75417,25846.5
0.7,0.68,1.79716,6879.7
0.95,0.84,0.260297,990.564
0.64,0.42,1.15343,757.375
0.83,0.2,1.0384,984.853
0.76,0.98,1581.57,9.25955e+07
0.58,0.14,1.00949,13.7785
0.51,0.86,4.71789,12369.7
0.7,0.66,1.69672,2900.02
0.89,0.48,1.8895,20326.6
0.95,0.82,0.516234,10515.7
0.83,0.18,1.03703,1151.22
0.64,0.4,1.12038,262.436
0.58,0.12,1.00995,24.2464
0.76,0.96,217.782,1.26693e+07
0.51,0.84,3.44438,3780.64
0.7,0.64,1.8864,11504.7
0.89,0.46,1.27873,8982.16
0.83,0.16,0.995467,375.681
0.95,0.8,0.664143,10655.8
0.64,0.38,1.12375,203.861
0.76,0.94,30.0866,943905
0.51,0.82,3.15655,5717.35
0.58,0.1,1.00636,9.46175
0.7,0.62,1.57909,4035.41
0.83,0.14,1.04135,765.196
0.95,0.78,0.622358,8245.59
0.89,0.44,1.6777,13825
0.64,0.36,1.11386,183.633
0.58,0.08,0.99977,8.2173
0.51,0.8,2.71673,5301.93
0.76,0.92,7.00575,79677.8
0.7,0.6,1.58543,3335.31
0.95,0.76,0.266717,773.331
0.83,0.12,1.00779,584.568
0.89,0.42,1.17588,11025
0.64,0.34,1.10509,765.037
0.51,0.78,2.58648,9024.35
0.58,0.06,1.00123,7.05858
0.76,0.9,8.61594,198168
0.7,0.58,1.62145,10899.3
0.83,0.1,0.964846,585.081
0.89,0.4,0.936186,2553.32
0.64,0.32,1.08004,117.936
0.58,0.04,1.00183,5.7086
0.95,0.74,0.688053,6800.19
0.51,0.76,2.27679,2735.42
0.76,0.88,10.2091,365273
0.7,0.56,1.3123,1883.16
0.89,0.38,0.914471,2350.06
0.64,0.3,1.06799,198.167
0.83,0.08,0.982922,454.255
0.95,0.72,0.601706,7530.77
0.51,0.74,2.01996,1731.46
0.58,0.02,0.996899,4.63288
0.76,0.86,8.38992,290515
0.7,0.54,1.46679,6865.46
0.83,0.06,0.95818,519.392
0.95,0.7,1.08161,44150.1
0.64,0.28,1.06193,189.634
0.89,0.36,1.04335,2160.5
0.51,0.72,1.79427,1379.48
0.58,0,0.994806,4.36521
0.76,0.84,4.16177,58114.6
0.7,0.52,1.37886,2996.77
0.83,0.04,0.982249,189.974
0.95,0.68,0.552125,5182.52
0.64,0.26,1.06241,105.019
0.89,0.34,1.1364,5961.52
0.51,0.7,1.6695,550.394
0.57,0.98,502.046,4.59817e+06
0.7,0.5,1.2394,801.961
0.76,0.82,2.08716,11055.7
0.83,0.02,0.969753,306.256
0.89,0.32,1.13887,5908.21
0.51,0.68,1.55549,1741.84
0.95,0.66,0.49986,5809.86
0.57,0.96,52.4345,246794
0.7,0.48,1.27767,627.352
0.64,0.24,1.05525,73.5207
0.83,0,1.00063,636.839
0.76,0.8,3.2897,77227.3
0.89,0.3,1.02091,1586.36
0.95,0.64,0.435404,3454.04
0.64,0.22,1.02683,56.6297
0.51,0.66,1.52707,646.713
0.7,0.46,1.23433,1347.5
0.57,0.94,28.4577,154893
0.82,0.98,169.572,8.04327e+06
0.76,0.78,3.79515,57268.6
0.95,0.62,0.641102,5315.82
0.89,0.28,1.10004,3910.2
0.51,0.64,1.45896,1342.28
0.64,0.2,1.0257,44.0508
0.57,0.92,13.2581,150361
0.7,0.44,1.12676,664.882
0.82,0.96,14.1182,450149
0.76,0.76,3.76718,94350.3
0.95,0.6,1.06708,27576.1
0.89,0.26,0.966029,4760.35
0.64,0.18,1.02446,51.0074
0.7,0.42,1.17102,405.167
0.51,0.62,1.41786,357.923
0.57,0.9,8.82981,34474.2
0.82,0.94,32.373,953281
0.76,0.74,2.44751,34900.9
0.95,0.58,1.18883,41777.4
0.51,0.6,1.35787,258.591
0.89,0.24,1.01007,1866.09
0.7,0.4,1.19209,1813.06
0.64,0.16,1.02707,41.3413
0.57,0.88,9.29208,145496
0.76,0.72,2.36427,31151.4
0.82,0.92,2.35717,19316.7
0.95,0.56,1.32169,29277.8
0.89,0.22,1.20022,12065.3
0.51,0.58,1.30365,552.596
0.7,0.38,1.12864,792.625
0.57,0.86,4.44422,11051.8
0.64,0.14,1.00694,40.5819
0.82,0.9,11.6646,286382
0.76,0.7,1.82773,19117.1
0.89,0.2,0.999787,3088.93
0.95,0.54,1.30649,21735.4
0.51,0.56,1.27365,488.273
0.7,0.36,1.11996,337.088
0.64,0.12,1.00479,32.6414
0.57,0.84,4.58243,22736.9
0.82,0.88,3.33968,12333.2
0.76,0.68,2.01921,11010.3
0.89,0.18,0.987083,990.964
0.51,0.54,1.25642,147.076
0.95,0.52,0.848315,4043.5
0.64,0.1,1.00457,21.7936
0.7,0.34,1.10222,547.04
0.57,0.82,3.41744,28790.6
0.76,0.66,1.48723,4810.43
0.82,0.86,3.03438,29677.5
0.89,0.16,1.01815,930.359
0.51,0.52,1.22902,120.042
0.64,0.08,1.00083,19.4714
0.7,0.32,1.10562,605.18
0.95,0.5,0.61763,2715.65
0.57,0.8,2.93959,10403.1
0.76,0.64,1.4333,3750.86
0.82,0.84,3.01997,58359.4
0.89,0.14,0.958715,790.841
0.51,0.5,1.17022,92.2334
0.64,0.06,1.00008,17.5377
0.95,0.48,0.602706,2764.07
0.7,0.3,1.08404,274.097
0.57,0.78,2.67728,6541.65
0.89,0.12,1.20246,5806.17
0.64,0.04,0.997864,12.7221
0.95,0.46,2.5776,121563
0.51,0.48,1.15048,145.778
0.76,0.62,1.40761,3234.65
0.7,0.28,1.08811,299.674
0.82,0.82,4.50714,84521.1
0.57,0.76,2.11313,2170.13
0.89,0.1,1.12402,5308.36
0.95,0.44,2.06568,72930.4
0.76,0.6,1.54294,2928.42
0.7,0.26,1.06746,197.467
0.64,0.02,0.992611,12.981
0.82,0.8,2.40742,30856.1
0.51,0.46,1.14661,82.8545
0.57,0.74,2.24869,6703.72
0.89,0.08,1.01504,1519.75
0.95,0.42,0.905145,7933.91
0.76,0.58,1.52532,5966.11
0.7,0.24,1.08499,712.584
0.64,0,0.994181,10.4736
0.51,0.44,1.12034,65.4672
0.82,0.78,2.23816,12054.8
0.7,0.22,1.05759,125.016
0.57,0.72,1.88592,2285.78
0.76,0.56,1.37236,2039.24
0.89,0.06,0.968535,1503.19
0.95,0.4,0.897232,13022.7
0.63,0.98,204.763,4.65405e+06
0.51,0.42,1.11172,55.4901
0.82,0.76,2.01031,19060.5
0.76,0.54,1.68161,16716.8
0.57,0.7,1.77471,1919.28
0.7,0.2,1.05054,214.739
0.89,0.04,1.01366,1283.25
0.51,0.4,1.08451,35.7943
0.95,0.38,0.596309,1654.57
0.82,0.74,2.23123,27906.4
0.63,0.96,42.6922,687371
0.76,0.52,1.37851,3419.56
0.57,0.68,1.54643,1256.93
0.7,0.18,1.02325,106.034
0.89,0.02,1.0033,1128.93
0.51,0.38,1.09092,87.6548
0.95,0.36,0.646157,2391.93
0.63,0.94,28.3058,471371
0.82,0.72,2.00354,10965.5
0.76,0.5,1.46109,4702.84
0.7,0.16,1.01855,135.569
0.57,0.66,1.65528,1119.21
0.89,0,0.960369,919.269
0.95,0.34,1.27218,10175.2
0.51,0.36,1.06749,23.9677
0.82,0.7,1.62563,11219.7
0.63,0.92,19.5339,382793
0.76,0.48,1.31279,3637.5
0.7,0.14,1.00533,73.7282
0.57,0.64,1.59601,4764.22
0.88,0.98,1.97152,30995.3
0.51,0.34,1.05883,29.068
0.63,0.9,12.1041,169888
0.82,0.68,2.79845,31087.9
0.95,0.32,8.50906,428127
0.76,0.46,1.21458,1920.69
0.7,0.12,1.01295,77.6732
0.88,0.96,65.3847,3.5513e+06
0.95,0.3,0.976739,9976.16
0.82,0.66,1.42905,7926.04
0.51,0.32,1.05748,18.1893
0.57,0.62,1.46354,624.587
0.76,0.44,1.21767,2550.56
0.63,0.88,8.9722,87560.2
0.7,0.1,1.00063,60.2961
0.95,0.28,1.6758,31948.1
0.51,0.3,1.04456,15.7877
0.57,0.6,1.38692,829.251
0.82,0.64,1.49783,5940.15
0.76,0.42,1.20557,1342.63
0.63,0.86,4.03242,14000.3
0.88,0.94,7.39855,273754
0.95,0.26,0.685091,1485.17
0.51,0.28,1.03451,16.764
0.76,0.4,1.11227,1733.3
0.63,0.84,4.13753,65595.8
0.82,0.62,1.22454,3043.64
0.7,0.08,1.00239,71.3606
0.57,0.58,1.38477,710.89
0.88,0.92,2.14626,21274.2
0.95,0.24,0.790469,5721.12
0.7,0.06,0.996537,91.0544
0.82,0.6,1.71939,15286.9
0.57,0.56,1.33199,484.761
0.76,0.38,1.1458,1105.42
0.88,0.9,9.48962,276899
0.51,0.26,1.02519,12.3745
0.63,0.82,2.94792,6646.07
0.95,0.22,0.971314,5272.36
0.7,0.04,0.990957,88.0398
0.82,0.58,1.41305,5720.92
0.57,0.54,1.26008,168.923
0.76,0.36,1.20046,1795.73
0.88,0.88,1.26965,23467.7
0.63,0.8,3.17419,9754.04
0.51,0.24,1.02661,12.7941
0.95,0.2,4.83855,241030
0.7,0.02,1.00018,49.5146
0.82,0.56,1.64707,12102.3
0.76,0.34,1.12293,2380.24
0.57,0.52,1.27981,548.802
0.88,0.86,1.37375,20076.5
0.63,0.78,2.80555,20117.5
0.51,0.22,1.01817,12.4014
0.7,0,0.987371,34.7855
0.82,0.54,1.73606,39140.4
0.95,0.18,0.80445,5741.48
0.76,0.32,1.16105,1439.84
0.57,0.5,1.21327,287.625
0.63,0.76,2.27011,6153.51
0.88,0.84,4.65212,202465
0.51,0.2,1.01699,6.11325
0.95,0.16,0.952692,4132.77
0.69,0.98,275.254,4.76537e+06
0.76,0.3,1.07431,447.103
0.82,0.52,1.28582,6546.71
0.57,0.48,1.16577,233.867
0.51,0.18,1.01657,6.48825
0.76,0.28,1.0228,389.92
0.95,0.14,1.03677,4840.32
0.63,0.74,2.57015,10337.7
0.88,0.82,1.31146,9686.07
0.69,0.96,55.3684,2.05205e+06
0.82,0.5,1.17395,1996.97
0.57,0.46,1.16492,184.865
0.51,0.16,1.00862,5.27288
0.95,0.12,0.798392,1270.36
0.63,0.72,2.05402,3371.07
0.76,0.26,1.02259,288.404
0.82,0.48,1.40168,5968.49
0.88,0.8,2.96058,116522
0.57,0.44,1.15595,325.835
0.69,0.94,18.5444,208737
0.51,0.14,1.00623,4.37864
0.95,0.1,0.869,3380.59
0.76,0.24,1.05408,484.912
0.63,0.7,1.93146,6050.7
0.88,0.78,18.9007,1.17785e+06
0.82,0.46,1.043,1165.66
0.57,0.42,1.13315,94.8292
0.69,0.92,14.2357,248898
0.51,0.12,1.00637,4.18592
0.95,0.08,0.88314,3075.34
0.76,0.22,1.07455,444.284
0.63,0.68,1.6633,1992.07
0.88,0.76,1.65811,10597.7
0.82,0.44,1.24125,5359.69
0.69,0.9,16.8347,142239
0.51,0.1,1.00277,4.07131
0.57,0.4,1.12052,79.9878
0.76,0.2,1.01088,160.96
0.95,0.06,0.791585,2862.47
0.63,0.66,1.90438,3189.38
0.88,0.74,1.413,14589
0.82,0.42,1.18671,3191.95
0.51,0.08,1.00136,2.55483
0.57,0.38,1.09011,82.9892
0.63,0.64,1.57005,2296.57
0.95,0.04,1.18235,18714.6
0.76,0.18,1.02494,369.899
0.69,0.88,21.6868,915182
0.88,0.72,1.21088,10967.5
0.82,0.4,1.09158,971.218
0.51,0.06,1.00066,2.10854
0.57,0.36,1.08852,72.6726
0.63,0.62,1.57742,3587.03
0.69,0.86,4.38261,16344.2
0.95,0.02,1.53186,37628.7
0.76,0.16,1.03151,501.479
0.88,0.7,1.49276,10373.3
0.82,0.38,1.4511,12785.9
0.51,0.04,1.00161,1.93518
0.57,0.34,1.06588,62.7773
0.63,0.6,1.45556,3053.39
0.69,0.84,3.77665,11588.5
0.76,0.14,1.03447,288.108
0.88,0.68,1.90506,59375.7
0.51,0.02,1.00126,1.55826
0.57,0.32,1.06281,51.1947
0.95,0,0.831243,2212.09
0.82,0.36,1.11619,2381.65
0.63,0.58,1.39634,2462.2
0.69,0.82,3.42256,20522.6
0.76,0.12,1.02867,448.251
0.88,0.66,1.47506,38695.5
0.51,0,1.00146,1.36826
0.57,0.3,1.06136,42.5505
0.82,0.34,1.17011,1792.44
0.63,0.56,1.3708,588.567
0.94,0.98,1.04298,41055.5
0.88,0.64,4.01622,171563
0.69,0.8,2.34723,13477
0.76,0.1,0.996216,643.528
0.57,0.28,1.04965,49.6105
0.5,0.98,1079.37,4.87803e+07
0.63,0.54,1.33313,833.283
0.82,0.32,1.33322,5513.67
0.94,0.96,236.774,1.53724e+07
0.69,0.78,2.68144,11124.3
0.88,0.62,1.48534,25785.1
0.76,0.08,1.01228,128.178
0.57,0.26,1.04611,38.0561
0.5,0.96,130.066,1.4412e+06
0.63,0.52,1.28866,720.914
0.94,0.94,0.456111,12969.9
0.76,0.06,0.99397,135.013
0.69,0.76,2.60299,18697.2
0.82,0.3,1.07382,1653.88
0.57,0.24,1.03637,28.5812
0.88,0.6,0.969441,2956.28
0.63,0.5,1.257,531.111
0.76,0.04,1.01322,197.765
0.69,0.74,2.23705,6360.2
0.5,0.94,33.5368,256161
0.94,0.92,0.631374,10025.2
0.57,0.22,1.03634,21.0959
0.82,0.28,1.09114,1428.28
0.88,0.58,0.949755,3202.32
0.63,0.48,1.23041,701.253
0.76,0.02,0.998026,120.372
0.69,0.72,1.78777,2059.2
0.5,0.92,14.9388,220320
0.82,0.26,1.04669,1367.68
0.57,0.2,1.02113,21.5385
0.94,0.9,1.08586,10028.3
0.88,0.56,0.959615,2807.5
0.63,0.46,1.21112,364.011
0.76,0,0.986063,95.1219
0.69,0.7,3.09919,90173.4
0.5,0.9,7.49578,41743.4
0.82,0.24,1.05529,2865.25
0.57,0.18,1.02088,18.5964
0.94,0.88,1.8524,74026.4
0.88,0.54,0.984709,5405.32
0.75,0.98,341.388,1.68185e+07
0.63,0.44,1.18471,305.644
0.69,0.68,1.96072,7955.86
0.82,0.22,1.03881,965.039
0.57,0.16,1.01473,15.3823
0.5,0.88,6.57714,38593.2
0.94,0.86,0.546806,6491.33
0.88,0.52,1.30725,18744.6
0.63,0.42,1.1928,255.748
0.75,0.96,189.344,1.05492e+07
0.69,0.66,1.68046,2469.62
0.57,0.14,1.00631,10.6012
0.82,0.2,1.15293,2124.58
0.5,0.86,4.60387,18377.1
0.94,0.84,1.69371,73357.1
0.88,0.5,1.10438,3495.27
0.63,0.4,1.15292,499.388
0.75,0.94,29.3918,687322
0.69,0.64,1.48956,2089.76
0.57,0.12,1.01344,12.207
0.82,0.18,1.01915,771.235
0.94,0.82,0.763725,7203.37
0.5,0.84,3.79717,6285.49
0.63,0.38,1.1373,387.48
0.88,0.48,2.77887,55226.7
0.75,0.92,102.175,6.19315e+06
0.82,0.16,1.03885,1443.74
0.57,0.1,1.00171,8.4192
0.69,0.62,1.53228,3005.92
0.94,0.8,1.0984,42313.2
0.5,0.82,3.0804,7308.17
0.63,0.36,1.09345,328.336
0.75,0.9,4.99572,47759
0.88,0.46,1.3405,8055.67
0.57,0.08,0.999677,7.14017
0.82,0.14,1.00724,475.337
0.94,0.78,1.81364,43337.4
0.69,0.6,1.43521,1388.94
0.88,0.44,1.03297,2493.04
0.5,0.8,2.70915,4843.86
0.75,0.88,9.38244,331977
0.63,0.34,1.12277,197.827
0.57,0.06,0.999153,5.36189
0.94,0.76,1.19519,38521.2
0.69,0.58,1.40725,4088.88
0.82,0.12,1.04935,2209.12
0.88,0.42,1.28036,8451.36
0.5,0.78,2.52874,4198.64
0.75,0.86,4.22017,18065.7
0.57,0.04,1.00029,5.76053
0.94,0.74,1.81743,41806.7
0.63,0.32,1.09625,113.389
0.82,0.1,1.01086,902.258
0.69,0.56,1.31728,1889.69
0.88,0.4,1.02992,2029.58
0.5,0.76,2.03094,1525.1
0.57,0.02,0.999274,4.21971
0.63,0.3,1.06411,92.5654
0.94,0.72,0.529358,3075.47
0.75,0.84,2.89516,13011.9
0.88,0.38,1.16414,7769.44
0.69,0.54,1.47853,6157.84
0.82,0.08,0.991912,893.003
0.57,0,0.999526,3.60314
0.5,0.74,1.96062,2412.11
0.63,0.28,1.06259,100.845
0.75,0.82,4.13901,91655.2
0.94,0.7,0.538291,2967.25
0.88,0.36,1.0109,1633.46
0.69,0.52,1.30944,742.744
0.82,0.06,0.965556,326.108
0.5,0.72,1.86116,1168.05
0.56,0.98,344.131,3.31982e+06
0.63,0.26,1.05224,62.6189
0.75,0.8,1.8955,6939
0.88,0.34,1.09558,4292.63
0.94,0.68,1.40794,23858
0.69,0.5,1.30884,1783.92
0.82,0.04,0.970787,285.444
0.5,0.7,1.67943,2944.34
0.56,0.96,48.6964,399974
0.63,0.24,1.04511,65.1414
0.88,0.32,1.12266,4107.2
0.75,0.78,2.92933,17282.2
0.94,0.66,1.00433,26299.3
0.69,0.48,1.26204,803.313
0.63,0.22,1.03879,58.7592
0.82,0.02,0.986084,526.166
0.56,0.94,39.322,942077
0.5,0.68,1.65663,1433.32
0.75,0.76,2.11623,13283.1
0.94,0.64,3.3539,138265
0.88,0.3,1.10847,4755.06
0.69,0.46,1.19523,640.658
0.63,0.2,1.02787,42.1066
0.82,0,0.984235,245.53
0.5,0.66,1.5516,490.534
0.75,0.74,2.28689,21916
0.56,0.92,23.505,735146
0.88,0.28,0.953538,3003.2
0.94,0.62,1.83827,20171.8
0.69,0.44,1.23968,1853.84
0.63,0.18,1.02664,53.0564
0.81,0.98,230.427,5.39102e+06
0.5,0.64,1.48551,659.121
0.75,0.72,1.87924,7584.67
0.88,0.26,1.02719,3025.03
0.56,0.9,11.6419,106770
0.69,0.42,1.17654,445.028
0.63,0.16,1.02033,48.0499
0.94,0.6,1.10825,18522.4
0.5,0.62,1.3756,412.552
0.88,0.24,1.25294,9284.52
0.75,0.7,2.15332,11456.9
0.81,0.96,220.913,1.23879e+07
0.56,0.88,5.64715,22621.6
0.63,0.14,1.01104,30.3138
0.69,0.4,1.18459,686.181
0.5,0.6,1.31523,206
0.94,0.58,1.01561,12442.7
0.88,0.22,1.24361,8132.12
0.81,0.94,32.4846,795691
0.75,0.68,1.85087,14132.7
0.56,0.86,5.39004,30577.4
0.63,0.12,1.01452,22.911
0.69,0.38,1.13597,627.359
0.5,0.58,1.30967,143.167
0.94,0.56,1.105,15089
0.88,0.2,1.192,7059.93
0.75,0.66,2.33243,56632.6
0.81,0.92,126.968,7.72039e+06
0.56,0.84,3.61813,7036.72
0.63,0.1,1.00293,23.6536
0.5,0.56,1.26328,138.877
0.69,0.36,1.11846,472.028
0.94,0.54,2.25618,75313.1
0.88,0.18,0.98943,1718.81
0.75,0.64,1.80815,9233.59
0.56,0.82,3.23888,5817.03
0.63,0.08,1.00182,23.4298
0.81,0.9,3.58952,46399
0.5,0.54,1.21469,109.425
0.94,0.52,1.02674,11371.7
0.69,0.34,1.12221,634.123
0.88,0.16,0.96704,1698.86
0.75,0.62,2.03265,30388.8
0.63,0.06,1.00675,17.4209
0.56,0.8,2.8068,3079.61
0.81,0.88,9.6491,469521
0.5,0.52,1.19543,95.8427
0.94,0.5,3.11484,73144.4
0.69,0.32,1.10952,303.585
0.75,0.6,1.68931,10752
0.88,0.14,1.02347,1527.96
0.56,0.78,2.73421,4973.84
0.63,0.04,0.999706,15.9512
0.94,0.48,0.845197,7549.34
0.5,0.5,1.16958,157.57
0.75,0.58,1.47489,3957.37
0.81,0.86,2.39883,22424.9
0.69,0.3,1.10724,225.75
0.88,0.12,0.949465,1430.3
0.63,0.02,0.995192,16.6081
0.56,0.76,2.43425,7381.97
0.94,0.46,0.645012,1553.42
0.5,0.48,1.14705,80.2499
0.81,0.84,2.93825,72465.1
0.75,0.56,1.36841,2416.99
0.69,0.28,1.07489,211.157
0.88,0.1,1.04639,1125.67
0.63,0,0.988478,9.3834
0.56,0.74,2.09147,4770.71
0.94,0.44,0.667128,1504.56
0.5,0.46,1.13149,58.6933
0.69,0.26,1.06189,247.272
0.75,0.54,1.28898,2237.86
0.88,0.08,0.968217,998.614
0.81,0.82,4.36139,59465.7
0.56,0.72,2.02036,3510.8
0.62,0.98,407.769,4.04903e+06
0.94,0.42,0.910486,7936.31
0.5,0.44,1.11538,45.6005
0.69,0.24,1.06057,309.349
0.75,0.52,1.23557,1843.53
0.88,0.06,0.986065,948.204
0.81,0.8,2.41616,36872.2
0.56,0.7,1.83011,2742.61
0.62,0.96,48.1463,473231
0.5,0.42,1.09961,42.6072
0.94,0.4,0.794336,7001.01
0.69,0.22,1.04336,128.016
0.88,0.04,0.971452,1828.98
0.81,0.78,2.54532,34766
0.75,0.5,1.3166,6885
0.62,0.94,25.7994,381996
0.56,0.68,1.73993,4118.56
0.5,0.4,1.08971,42.1472
0.94,0.38,4.43376,180280
0.69,0.2,1.0368,144.455
0.81,0.76,2.02291,15228.1
0.75,0.48,1.23448,914.536
0.88,0.02,0.950091,712.238
0.56,0.66,1.58014,838.931
0.62,0.92,14.4686,183390
0.69,0.18,1.02973,70.9234
0.94,0.36,1.0567,6448.69
0.5,0.38,1.07906,34.9978
0.88,0,0.922131,629.089
0.56,0.64,1.54865,1057.24
0.69,0.16,1.02118,98.8031
0.5,0.36,1.06891,35.2061
0.81,0.74,1.80206,10739.5
0.75,0.46,1.24234,2541.19
0.62,0.9,9.80519,127140
0.94,0.34,0.847122,5681.61
0.56,0.62,1.53778,965.11
0.69,0.14,1.01308,60.9908
0.5,0.34,1.0519,21.8885
0.75,0.44,1.2058,1962.62
0.81,0.72,2.30697,33230.6
0.94,0.32,0.96523,4153.85
0.87,0.98,207.894,1.04793e+07
0.62,0.88,6.22529,39811
0.5,0.32,1.04736,14.4764
0.69,0.12,1.01216,83.3063
0.81,0.7,1.54538,7532.66
0.56,0.6,1.3682,428.213
0.94,0.3,0.990527,4790.2
0.87,0.96,20.3655,404577
0.75,0.42,1.20408,856.966
0.62,0.86,6.00393,93823.3
0.5,0.3,1.04147,12.2672
0.81,0.68,1.75372,24535.8
0.69,0.1,1.01092,62.5987
0.75,0.4,1.1645,868.086
0.87,0.94,88.0597,5.6115e+06
0.62,0.84,5.23459,62827.7
0.56,0.58,1.3739,540.568
0.94,0.28,0.708377,4326.08
0.5,0.28,1.03428,14.0813
0.81,0.66,2.12606,22495.3
0.62,0.82,2.94385,5425.37
0.87,0.92,1.66958,24057.1
0.56,0.56,1.32313,284.534
0.69,0.08,0.998098,58.4631
0.75,0.38,1.12187,911.575
0.94,0.26,0.795407,3921.69
0.5,0.26,1.03143,9.89526
0.81,0.64,2.07017,15937
0.62,0.8,2.84428,4171.12
0.69,0.06,1.00024,37.562
0.87,0.9,8.00727,342259
0.56,0.54,1.24737,217.626
0.75,0.36,1.18921,1320.88
0.94,0.24,0.883669,3931.77
0.5,0.24,1.02328,8.08451
0.56,0.52,1.2449,283.976
0.69,0.04,0.994761,34.3202
0.62,0.78,2.71386,15670.4
0.81,0.62,1.57753,7430.61
0.75,0.34,1.1093,362.747
0.87,0.88,2.31005,44421.9
0.94,0.22,1.04316,19824.6
0.5,0.22,1.02073,7.78871
0.69,0.02,0.989666,32.6371
0.62,0.76,2.1741,10513.2
0.56,0.5,1.21704,235.786
0.81,0.6,1.56822,11832.6
0.75,0.32,1.10197,338.674
0.87,0.86,1.35823,30403.6
0.94,0.2,0.927676,4500.65
0.5,0.2,1.01289,5.90295
0.69,0,0.993625,21.9561
0.62,0.74,2.17757,7507.51
0.56,0.48,1.19151,122.082
0.81,0.58,1.5459,8527.01
0.87,0.84,1.62167,22532.2
0.94,0.18,0.927484,3066.56
0.75,0.3,1.05443,484.664
0.5,0.18,1.01023,4.96556
0.62,0.72,2.1149,5421.23
0.68,0.98,160.769,4.3239e+06
0.81,0.56,1.63015,21414.6
0.56,0.46,1.13232,133.494
0.87,0.82,1.12735,9797.34
0.94,0.16,0.897114,2665.88
0.5,0.16,1.01001,4.17862
0.62,0.7,1.80399,3925.79
0.75,0.28,1.0879,553.819
0.81,0.54,1.50742,19136.6
0.68,0.96,34.9388,538737
0.87,0.8,2.83426,77471.5
0.56,0.44,1.1535,177.504
0.94,0.14,1.22699,11291.8
0.5,0.14,1.00569,3.48537
0.62,0.68,1.68811,1692.62
0.75,0.26,1.09028,927.389
0.81,0.52,1.58703,22369.2
0.87,0.78,2.44796,75734.9
0.56,0.42,1.11683,113.355
0.68,0.94,16.4308,170372
0.94,0.12,0.911574,1951.74
0.5,0.12,1.0054,3.01334
0.62,0.66,1.72443,4606.59
0.75,0.24,1.04864,422.041
0.81,0.5,1.56654,6527.8
0.56,0.4,1.10435,135.761
0.68,0.92,20.8212,600480
0.5,0.1,1.00501,2.53564
0.94,0.1,0.98691,9211.3
0.62,0.64,1.63203,1936.22
0.87,0.76,2.45438,51435.1
0.75,0.22,1.03802,323.853
0.81,0.48,1.19141,3004.62
0.56,0.38,1.10947,51.9475
0.68,0.9,19.3647,400513
0.5,0.08,1.00163,2.32515
0.94,0.08,0.996319,3050.77
0.75,0.2,1.07912,600.75
0.62,0.62,1.5179,3373.42
0.87,0.74,1.86401,23382.1
0.56,0.36,1.08197,54.0425
0.81,0.46,1.15018,2064.35
0.68,0.88,5.77158,59767.9
0.5,0.06,0.999831,1.80919
0.94,0.06,0.993202,4554.03
0.75,0.18,1.04936,551.745
0.62,0.6,1.49168,1238.98
0.56,0.34,1.07172,45.4022
0.87,0.72,2.64812,62783.6
0.81,0.44,1.22503,2656.07
0.5,0.04,1.00167,1.57957
0.94,0.04,0.942994,1472.49
0.68,0.86,5.81652,39206.3
0.75,0.16,1.00915,204.467
0.62,0.58,1.41413,1799.38
0.56,0.32,1.06967,48.6921
0.87,0.7,20.2748,1.22065e+06
0.81,0.42,1.17267,1541.13
0.68,0.84,4.40057,27115.5
0.5,0.02,1.00241,1.33398
0.75,0.14,1.00975,179.083
0.94,0.02,0.754552,448.884
0.62,0.56,1.34763,434.822
0.56,0.3,1.05356,42.2316
0.87,0.68,1.91308,40999.6
0.81,0.4,1.26285,6452.19
0.5,0,1.00256,1.17969
0.75,0.12,1.02161,257.139
0.68,0.82,5.16193,135834
0.94,0,1.26429,10660.1
0.62,0.54,1.30539,616.069
0.56,0.28,1.03864,49.9558
0.81,0.38,1.1051,1624.45
0.68,0.8,2.74965,11140.5
0.87,0.66,2.05606,35226.9
0.75,0.1,1.00793,286.075
0.56,0.26,1.04374,22.9154
0.62,0.52,1.27134,942.263
0.93,0.98,1.3117,35239.8
0.81,0.36,1.10308,1797.81
0.68,0.78,2.84723,8474.6
0.75,0.08,0.999188,209.532
0.87,0.64,1.30283,16295.3
0.56,0.24,1.02875,20.1666
0.62,0.5,1.22455,621.503
0.93,0.96,1.64014,32840.5
0.75,0.06,1.00342,118.062
0.68,0.76,2.33472,15643
0.87,0.62,1.62689,18976.9
0.81,0.34,1.09883,1822.56
0.56,0.22,1.02571,21.9696
0.62,0.48,1.22574,522.77
0.81,0.32,1.16432,1442.77
0.68,0.74,2.03457,11897.7
0.75,0.04,0.991483,157.172
0.93,0.94,0.591408,8021.02
0.87,0.6,1.1374,4905.93
0.62,0.46,1.19479,311.493
0.56,0.2,1.02373,20.7028
0.75,0.02,1.00133,137.557
0.68,0.72,2.2944,9650.57
0.93,0.92,0.516991,13885.9
0.81,0.3,1.1132,984.747
0.87,0.58,9.20802,511922
0.75,0,0.980622,125.333
0.93,0.9,0.350797,4681.1
0.81,0.28,1.03473,936.032
0.87,0.56,1.58237,13879.1
0.74,0.98,503.229,1.47039e+07
0.93,0.88,7.33101,453419
0.81,0.26,1.09959,990.253
0.87,0.54,1.34783,14940.1
0.93,0.86,1.00093,34190.1
0.81,0.24,1.05442,905.547
0.87,0.52,0.988623,2428.19
0.93,0.84,0.991819,26349.7
0.87,0.5,0.971269,2371.83
0.93,0.82,0.526636,3238.44
0.93,0.8,0.889806,24684.8
0.93,0.78,3.79446,168647
0.93,0.76,1.14185,25082.5
